-- phpMyAdmin SQL Dump
-- version 5.2.1
-- https://www.phpmyadmin.net/
--
-- 主機： 127.0.0.1:3307
-- 產生時間： 2026-05-18 18:38:32
-- 伺服器版本： 10.4.32-MariaDB
-- PHP 版本： 8.2.12

SET SQL_MODE = "NO_AUTO_VALUE_ON_ZERO";
START TRANSACTION;
SET time_zone = "+00:00";


/*!40101 SET @OLD_CHARACTER_SET_CLIENT=@@CHARACTER_SET_CLIENT */;
/*!40101 SET @OLD_CHARACTER_SET_RESULTS=@@CHARACTER_SET_RESULTS */;
/*!40101 SET @OLD_COLLATION_CONNECTION=@@COLLATION_CONNECTION */;
/*!40101 SET NAMES utf8mb4 */;

--
-- 資料庫： `system project`
--

-- --------------------------------------------------------

--
-- 資料表結構 `accounts`
--

CREATE TABLE `accounts` (
  `u_id` int(11) NOT NULL,
  `name` varchar(50) NOT NULL,
  `google_id` varchar(255) DEFAULT NULL,
  `email` varchar(255) DEFAULT NULL,
  `accounts` varchar(50) NOT NULL,
  `password` varchar(255) NOT NULL,
  `role_id` int(11) NOT NULL,
  `r_id` int(11) DEFAULT NULL,
  `goal_cal` int(11) DEFAULT 2000,
  `created_at` timestamp NOT NULL DEFAULT current_timestamp(),
  `goal_pro` int(11) DEFAULT 60,
  `pref_veg` tinyint(1) DEFAULT 0,
  `pref_low_cal` tinyint(1) DEFAULT 0,
  `notify_meal` tinyint(1) DEFAULT 1,
  `time_breakfast` time DEFAULT '08:00:00',
  `time_lunch` time DEFAULT '12:00:00',
  `time_dinner` time DEFAULT '18:00:00',
  `weight` decimal(5,2) DEFAULT NULL,
  `height` decimal(5,2) DEFAULT NULL,
  `gender` tinyint(1) DEFAULT NULL,
  `activity_level` tinyint(1) DEFAULT 1,
  `user_photo` varchar(255) DEFAULT NULL
) ENGINE=InnoDB DEFAULT CHARSET=utf8mb4 COLLATE=utf8mb4_unicode_ci;

--
-- 傾印資料表的資料 `accounts`
--

INSERT INTO `accounts` (`u_id`, `name`, `google_id`, `email`, `accounts`, `password`, `role_id`, `r_id`, `goal_cal`, `created_at`, `goal_pro`, `pref_veg`, `pref_low_cal`, `notify_meal`, `time_breakfast`, `time_lunch`, `time_dinner`, `weight`, `height`, `gender`, `activity_level`, `user_photo`) VALUES
(1, '管理員', NULL, NULL, 'admin', '123', 1, NULL, 2000, '2026-04-10 14:31:39', 60, 0, 0, 1, '08:00:00', '12:00:00', '18:00:00', NULL, NULL, NULL, 1, NULL),
(2, '店員', NULL, NULL, 'staff', '456', 2, 2, 2000, '2026-04-10 14:31:39', 60, 0, 0, 1, '08:00:00', '12:00:00', '18:00:00', NULL, NULL, NULL, 1, NULL),
(3, '黃包子', NULL, NULL, '413401039', '789', 3, NULL, 1999, '2026-04-10 14:31:39', 61, 0, 0, 1, '08:00:00', '12:00:00', '18:00:00', NULL, NULL, NULL, 1, 'user_3.jpg'),
(4, '陳肉圓', NULL, NULL, '413401302', '234', 3, NULL, 2000, '2026-04-10 14:31:39', 60, 0, 0, 1, '08:00:00', '12:00:00', '18:00:00', NULL, NULL, NULL, 1, 'user_4.jpg'),
(5, '鄭玉米', NULL, NULL, '413401400', '345', 3, NULL, 2000, '2026-04-21 14:50:35', 60, 0, 0, 1, '08:00:00', '12:00:00', '18:00:00', NULL, NULL, NULL, 1, 'user_5.jpg'),
(6, '蔡頭', NULL, NULL, '413401500', '456', 3, NULL, 2000, '2026-04-21 14:50:35', 60, 0, 0, 1, '08:00:00', '12:00:00', '18:00:00', NULL, NULL, NULL, 1, NULL),
(7, '劉肉麵', NULL, NULL, '413401600', '567', 3, NULL, 2000, '2026-04-21 14:50:35', 60, 0, 0, 1, '08:00:00', '12:00:00', '18:00:00', NULL, NULL, NULL, 1, 'user_7.jpg'),
(9, '黃羿瑄', '114675531742447391933', 'yixuanh941105@gmail.com', 'yixuanh941105@gmail.com', '$2y$10$j6gL2AfqBWchYxQPz45zPOnjkvKWpaoAGreChJhHiV6XuKjfyqzh2', 3, NULL, 2000, '2026-05-17 08:16:53', 60, 0, 0, 1, '08:00:00', '12:00:00', '18:00:00', NULL, NULL, NULL, 1, 'user_9.jpg\r\n');

-- --------------------------------------------------------

--
-- 資料表結構 `bugreports`
--

CREATE TABLE `bugreports` (
  `report_id` int(11) NOT NULL,
  `u_id` int(11) NOT NULL,
  `item_id` int(11) DEFAULT NULL,
  `title` varchar(255) NOT NULL,
  `description` text NOT NULL,
  `status` tinyint(4) NOT NULL DEFAULT 0,
  `created_at` timestamp NOT NULL DEFAULT current_timestamp()
) ENGINE=InnoDB DEFAULT CHARSET=utf8mb4 COLLATE=utf8mb4_unicode_ci;

--
-- 傾印資料表的資料 `bugreports`
--

INSERT INTO `bugreports` (`report_id`, `u_id`, `item_id`, `title`, `description`, `status`, `created_at`) VALUES
(1, 3, 1, '餐點價格標示錯誤', '蜂蜜鬆餅的價格調漲為55，系統顯示5', 0, '2026-05-14 18:15:35'),
(2, 4, NULL, '個人設定頁面卡頓', '在更新體重資訊時，點擊儲存按鈕後畫面會卡住約 10 秒才有反應。', 1, '2026-05-14 18:15:35');

-- --------------------------------------------------------

--
-- 資料表結構 `categories`
--

CREATE TABLE `categories` (
  `c_id` int(11) NOT NULL,
  `r_id` int(11) NOT NULL,
  `cat_name` varchar(50) NOT NULL
) ENGINE=InnoDB DEFAULT CHARSET=utf8mb4 COLLATE=utf8mb4_unicode_ci;

--
-- 傾印資料表的資料 `categories`
--

INSERT INTO `categories` (`c_id`, `r_id`, `cat_name`) VALUES
(1, 1, '甜味鬆餅'),
(2, 1, '黑可可系列'),
(3, 1, '鹹味鬆餅'),
(4, 2, '麵食類'),
(5, 2, '飯/水餃'),
(6, 2, '湯品'),
(7, 2, '滷味小菜'),
(8, 3, '主食類'),
(9, 3, '主菜肉類'),
(10, 3, '蛋豆類'),
(11, 3, '蔬菜類'),
(12, 4, '咖哩系列'),
(13, 4, '義式系列'),
(14, 4, '麵系列'),
(15, 4, '單點系列'),
(16, 5, '招牌飯類'),
(17, 5, '熱門雙拼'),
(18, 5, '特色料理'),
(19, 6, '超值套餐'),
(20, 6, '蛋餅'),
(21, 6, '鐵板麵'),
(22, 6, '單品 / 點心'),
(23, 7, '經典/基本'),
(24, 7, '風味系列'),
(25, 7, '飯捲系列'),
(26, 8, '經典麵/飯'),
(27, 8, '單拼排餐'),
(28, 8, '雙拼系列'),
(29, 9, '招牌特餐'),
(30, 9, '限量便當'),
(31, 9, '現煮麵'),
(32, 9, '鍋物'),
(33, 9, '小菜'),
(34, 9, '飲料'),
(35, 10, '特色炒飯'),
(36, 10, '經典炒飯'),
(37, 10, '素食區'),
(38, 10, '炒麵類'),
(39, 11, '今日特餐'),
(40, 11, '新口味'),
(41, 11, '炒飯套餐'),
(42, 11, '涼麵/湯品'),
(43, 12, '私房小館'),
(44, 12, '配餐項目'),
(45, 13, '沙威瑪/捲餅類'),
(46, 13, '飽足飯類'),
(47, 13, '炸物/小點'),
(48, 14, '招牌鍋貼'),
(49, 14, '水餃類'),
(50, 14, '麵食/抄手'),
(51, 14, '湯品類'),
(52, 14, '湯餃類'),
(53, 15, '招牌套餐'),
(54, 15, '輕量選擇'),
(55, 15, '單點/湯品'),
(56, 16, '烤肉系列'),
(57, 16, '鍋類/湯類'),
(58, 16, '年糕系列'),
(59, 16, '特餐'),
(60, 17, '單點主食'),
(61, 17, '超值套餐'),
(62, 17, '湯品類'),
(63, 18, '經典蛋餅'),
(64, 18, '吐司/漢堡'),
(65, 18, '抹醬系列'),
(66, 18, '義大利麵'),
(67, 18, '肉類'),
(68, 18, '豆製品'),
(69, 18, '蛋/小類'),
(70, 18, '主食類'),
(71, 19, '蔬食'),
(72, 19, '豬肉'),
(73, 19, '雞肉'),
(74, 19, '海鮮'),
(75, 6, '漢堡'),
(76, 6, '吐司'),
(77, 6, '果醬吐司'),
(78, 6, '果醬厚片'),
(79, 6, '乳酪餅'),
(80, 6, '升級套餐'),
(81, 6, '飲品');

-- --------------------------------------------------------

--
-- 資料表結構 `comments`
--

CREATE TABLE `comments` (
  `com_id` int(11) NOT NULL,
  `u_id` int(11) NOT NULL,
  `item_id` int(11) NOT NULL,
  `content` text NOT NULL,
  `com_img` varchar(255) DEFAULT NULL,
  `rating` tinyint(1) NOT NULL,
  `status` tinyint(1) NOT NULL DEFAULT 0,
  `created_at` timestamp NOT NULL DEFAULT current_timestamp()
) ENGINE=InnoDB DEFAULT CHARSET=utf8mb4 COLLATE=utf8mb4_general_ci;

--
-- 傾印資料表的資料 `comments`
--

INSERT INTO `comments` (`com_id`, `u_id`, `item_id`, `content`, `com_img`, `rating`, `status`, `created_at`) VALUES
(1, 3, 291, '雞胸肉處理得很好完全不柴，健身完來一份超完美！', 'food291.jpg', 5, 1, '2026-05-03 15:50:20'),
(2, 4, 255, '咖啡的味道跟豬肉不合，不太推薦。', 'food255.jpg', 2, 1, '2026-05-03 15:50:20'),
(3, 5, 233, '那個油蔥醬是靈魂，拌在飯裡面超級香。', 'food233.jpg', 5, 1, '2026-05-03 15:50:20'),
(4, 6, 149, '麵條炒得太爛了，而且醬汁鹹，這份量配這價格有點雷。', 'food149.jpg', 2, 1, '2026-05-03 15:50:20'),
(5, 7, 42, '醬汁太稀了像在喝湯，雞肉只有小小的兩三塊，感覺都在吃白飯。', 'food42.jpg', 1, 1, '2026-05-03 15:50:20'),
(6, 3, 229, '醬油香氣十足，雞皮Q彈。', 'food229.jpg', 4, 1, '2026-05-03 15:50:20'),
(7, 5, 306, '鍋貼皮煎得超級酥脆。', 'food216.jpg', 5, 1, '2026-05-03 15:50:20'),
(8, 6, 197, '臭豆腐吸滿了麻辣湯汁，雖然很辣但很好吃！', 'food197.jpg', 4, 1, '2026-05-03 15:50:20'),
(9, 7, 143, '以這個價位來說CP值很高。', 'food143.jpg', 4, 1, '2026-05-03 15:50:20'),
(10, 4, 135, '豬排炸得金黃香脆，搭配滿滿的海苔跟白飯。', 'food135.jpg', 4, 1, '2026-05-03 15:50:20'),
(11, 3, 104, '舒芙蕾本體像雲朵一樣鬆軟，入口即化。', 'food104.jpg', 5, 1, '2026-05-03 15:50:20'),
(12, 4, 122, '牛排熟度控制得剛好，配上鐵板麵吃完超級撐。', 'food122.jpg', 4, 1, '2026-05-03 15:50:20'),
(13, 7, 77, '蠻普通的咖哩飯，沒有什麼特點。', 'food77.jpg', 3, 1, '2026-05-03 15:50:20'),
(14, 6, 58, '心園自助餐CP值超高，想省錢必來。', 'food58.jpg', 3, 1, '2026-05-03 15:50:20'),
(15, 5, 25, '鹹口味的鬆餅意外地好吃。', 'food25.jpg', 4, 1, '2026-05-03 15:50:20'),
(16, 3, 18, '黑可可的苦甜配上卡士達的濃郁，很好吃！', 'food18.jpg', 5, 1, '2026-05-03 15:50:20'),
(18, 7, 2, '焦糖口味很香很好吃', NULL, 5, 1, '2026-05-18 14:02:46'),
(19, 7, 31, '普普通通，沒甚麼特點，但價格便宜', NULL, 4, 1, '2026-05-18 14:05:33'),
(20, 7, 1, '現烤出來外皮超級酥脆！蜂蜜給得非常大方，甜而不膩，下午茶點這個吃完心情直接變好', NULL, 5, 1, '2026-05-18 14:07:15'),
(21, 7, 4, '可能是我個人口味問題，椰香的抹醬有一種人工香精的味道', NULL, 2, 1, '2026-05-18 14:07:40'),
(22, 7, 32, '湯頭清甜不油膩，麵條煮得軟硬適中。', NULL, 4, 1, '2026-05-18 14:08:06'),
(23, 7, 36, '看似普通但非常好吃！', NULL, 4, 1, '2026-05-18 14:08:43'),
(24, 7, 41, '水餃冷冷的，完全是放太久', NULL, 3, 1, '2026-05-18 14:09:24'),
(25, 4, 20, '超級好吃，很合我的胃口', NULL, 5, 1, '2026-05-18 14:10:12'),
(26, 4, 38, '麵量挺足的，吃的好飽', NULL, 4, 1, '2026-05-18 14:10:59'),
(27, 4, 60, '心園的蘿蔔糕超級好吃', NULL, 5, 1, '2026-05-18 14:11:56'),
(28, 4, 122, '中規中矩', NULL, 4, 1, '2026-05-18 14:12:16'),
(29, 4, 2, '焦糖配上扎實的鬆餅餅皮口感很棒，但尖峰時段現烤需要耐心等一下。', NULL, 4, 1, '2026-05-18 14:19:27'),
(30, 5, 3, '抹茶味偏甜了一點點，如果苦甜感再重一點就完美了。', NULL, 4, 1, '2026-05-18 14:19:47'),
(31, 4, 88, '油雞肉質非常鮮嫩，但配菜永遠是那幾樣高麗菜跟油菜，種類稍微單調了一些。', NULL, 3, 1, '2026-05-18 14:20:06'),
(32, 7, 335, '理園早餐首選！卡拉雞腿堡厚實又多汁。', NULL, 5, 1, '2026-05-18 14:20:06'),
(33, 5, 340, '黑胡椒鐵板麵味道有點太淡了，感覺醬汁稀釋得太誇張，香雞片也有點乾。', NULL, 2, 1, '2026-05-18 14:20:06'),
(34, 3, 134, '豬肉炒得非常夠味，帶點微微的甜辣感，超級下飯！配菜還有附韓式冬粉跟泡菜。', NULL, 5, 1, '2026-05-18 14:20:06'),
(35, 6, 86, '招牌飯份量超大！叉燒跟油雞淋上專屬的蔥油醬汁真的能多吃一整碗飯！', NULL, 5, 1, '2026-05-18 14:20:27'),
(36, 4, 134, '泡菜酸脆夠味，豬肉給得算多。缺點是中午尖峰時段現場排隊動線有點亂，等餐等了快15分鐘。', NULL, 4, 1, '2026-05-18 14:20:27'),
(37, 3, 63, '今天吃到的雞腿竟然沒完全熟雖然阿姨有補換一隻給我，但體驗打折。', NULL, 1, 1, '2026-05-18 14:21:26'),
(38, 7, 134, '今天拿到的這份感覺品質有點下滑，豬肉肥肉的部分太多了希望店家能注意。', NULL, 2, 1, '2026-05-18 14:21:26'),
(39, 7, 62, '主菜炸雞排無可挑剔，真的很好吃。', NULL, 3, 1, '2026-05-18 14:21:46'),
(40, 5, 95, '大火快炒的飯粒粒分明，櫻桃蝦的香氣完美融入蛋炒飯裡，極度推薦！', NULL, 5, 1, '2026-05-18 14:21:46'),
(41, 6, 99, '沙茶豬肉炒飯的調味很好，可惜今天吃到底部的飯全部黏在一起，油放得有點太多了。', NULL, 3, 1, '2026-05-18 14:21:46'),
(42, 6, 306, '連鎖店就是安心的保證，鍋貼皮煎得金黃酥脆。', NULL, 4, 1, '2026-05-18 14:24:13'),
(43, 7, 308, '辣味鍋貼內餡的調味還不錯，但今天拿到的時候溫溫的，感覺是煎好放了一陣子的冷掉鍋貼。', NULL, 2, 1, '2026-05-18 14:24:13'),
(44, 5, 63, '大雞腿炸得外酥內嫩，咬下去居然還有肉汁。', NULL, 5, 1, '2026-05-18 14:24:36'),
(45, 3, 183, '輔園必吃的經典炒飯，上菜速度極快。', NULL, 4, 1, '2026-05-18 14:24:36'),
(46, 4, 197, '臭豆腐跟鴨血吸滿了麻辣湯汁，雖然在夏天吃得滿頭大汗但非常過癮！', NULL, 5, 1, '2026-05-18 14:24:36'),
(47, 9, 192, '川滷牛雙寶味道很正宗，牛肉滷得很透。缺點是白飯給得有點少，對大胃口的人來說吃不飽。', NULL, 3, 1, '2026-05-18 14:26:47'),
(48, 3, 233, '那個油蔥醬真的是整碗飯的靈魂，拌在飯裡面超級香，雞肉完全不柴，絕對是輔園前三名。', NULL, 5, 1, '2026-05-18 14:26:47'),
(49, 4, 228, '白切雞肉質鮮嫩，但附贈的清湯沒什麼味道像熱開水，價格在校園裡稍微偏高了一點點。', NULL, 3, 1, '2026-05-18 14:27:21'),
(50, 5, 18, '鬆餅超好吃，而且不會死甜!', NULL, 5, 1, '2026-05-18 15:11:39'),
(51, 5, 306, '永遠吃不膩的一家!每次來都點鍋貼', NULL, 5, 1, '2026-05-18 15:14:17'),
(52, 5, 40, '很平價，很好吃', NULL, 4, 1, '2026-05-18 15:16:30'),
(53, 3, 336, '阿姨煎的香雞肉片很有厚度，蛋也煎得滑嫩，而且漢堡麵包有烤過脆脆的，理園早餐必點！', NULL, 5, 1, '2026-05-18 15:19:40'),
(54, 6, 92, '濃郁的咖哩香氣帶點椰奶的微甜，雞腿肉給得大塊又軟嫩，拌飯吃超級爽快。', NULL, 5, 1, '2026-05-18 15:19:40'),
(55, 9, 77, '大份的分量對男生來說絕對夠吃，裡面馬鈴薯跟紅蘿蔔滷得超軟綿。', NULL, 5, 1, '2026-05-18 15:19:40'),
(56, 4, 192, '牛腱跟牛筋滷得超級透！帶點微微的川味椒麻感，輔園推薦！', NULL, 5, 1, '2026-05-18 15:19:40'),
(57, 6, 190, '麻醬香氣很足，麵條有冰鎮過冰冰涼涼的，夏天熱到沒胃口時，來一碗小涼麵最消暑了。', NULL, 4, 1, '2026-05-18 15:19:40'),
(58, 9, 312, '水餃內餡的豬肉很新鮮，連鎖店的品質就是穩，不想踩雷點這個就對了。', NULL, 4, 1, '2026-05-18 15:19:40'),
(59, 4, 208, '異國風情的薑黃飯香氣很特別，上面的雞肉絲給得大方，搭配特製白醬非常有層次！', NULL, 5, 1, '2026-05-18 15:19:40'),
(60, 4, 337, '3號餐有火腿、蘿蔔糕跟蛋，種類很豐富！可惜今天蘿蔔糕外面煎得不夠金黃，口感有點偏軟。', NULL, 3, 1, '2026-05-18 14:20:38'),
(61, 5, 339, '5號餐的豬排醃得很入味，肉質不柴，搭配一整塊現煎蘿蔔糕，飽足感可以直接撐到下午第一節下課。', NULL, 5, 1, '2026-05-18 12:20:38'),
(62, 7, 94, '河粉有彈性不會斷成碎渣，美中不足的是牛肉片稍微少了一點點，略顯可惜。', NULL, 4, 1, '2026-05-18 13:20:38'),
(63, 3, 81, '白醬的奶香味滿濃的，麵條吸附醬汁的能力不錯。缺點是裡面的鮮蔬（青江菜）跟奶醬味道有點不太搭。', NULL, 3, 1, '2026-05-18 11:20:38'),
(64, 5, 193, '剁椒的辣度非常夠，後勁很強，超級開胃下飯！不過整體口味真的偏油偏重鹹，吃完必須去買一杯無糖茶。', NULL, 3, 1, '2026-05-18 10:20:38'),
(65, 7, 191, '沒什麼好挑剔的，裡面的豆腐給得不少，湯頭偏台式微甜口味，拿來配涼麵剛剛好。', NULL, 4, 1, '2026-05-18 13:50:38'),
(66, 3, 320, '菜肉抄手分量算多，紅油的醬汁帶點微酸辣很勾魂。可惜今天水瀝得不夠乾，吃到下面醬汁被稀釋掉了。', NULL, 3, 1, '2026-05-18 12:40:38'),
(67, 5, 215, '炸得金黃酥脆的銀絲卷淋上滿滿的甜煉乳，外酥內軟，當作飽餐一頓後的校園午茶小點心真的太幸福了。', NULL, 5, 1, '2026-05-18 15:05:38'),
(68, 4, 239, '烤肉片的醬汁甜甜辣辣的非常正宗，配菜給的醃黃瓜跟豆芽菜很解膩，整碗份量很大，大推！', NULL, 5, 1, '2026-05-18 15:22:39'),
(69, 9, 223, '大碗乾板條的份量真的很有誠意！油蔥酥的味道超級香，板條很 Q 彈，月底省錢吃這個超飽。', NULL, 5, 1, '2026-05-18 15:22:39'),
(70, 6, 242, '豆腐滿嫩的，湯頭辣度很過癮，不過海鮮配料（蝦子跟蛤蜊）感覺稍微少了一點點，表現算中規中矩。', NULL, 3, 1, '2026-05-18 14:02:48'),
(71, 7, 249, '湯頭味道很夠，肉燥給得大方。可惜今天中午人太多，麵條感覺有點煮過頭，稍微偏軟爛了一點。', NULL, 3, 1, '2026-05-18 13:12:48'),
(72, 4, 224, '一碗 35 元有兩顆大貢丸，湯頭有大骨和白蘿蔔的清甜，熱熱的喝起來很舒服，拿來配乾麵剛好。', NULL, 4, 1, '2026-05-18 11:22:48'),
(73, 9, 266, '起司蛋餅的起司放得超有誠意，夾起來還會稍微牽絲！餅皮煎得金黃焦脆，當早餐吃幸福感爆棚。', NULL, 5, 1, '2026-05-18 15:26:39'),
(74, 4, 277, '下午拿來當點心吃超剛好！排骨滷得很透，骨肉很容易分離，醬汁鹹香帶點微甜，很有古早味。', NULL, 5, 1, '2026-05-18 15:26:39'),
(75, 6, 265, '蛋餅皮口感滿古早味的，調味不會太重。不過整體偏油了一點點，吃完紙袋底下都是油，習慣清淡的同學要注意。', NULL, 3, 1, '2026-05-18 14:11:47'),
(76, 7, 268, '豬排肉片是有厚度的里肌肉，不是那種碎肉組合肉，咬起來很有扎實感，配上店家的醬油膏非常好吃！', NULL, 4, 1, '2026-05-18 12:26:47'),
(77, 6, 194, '我覺得cp值很高', NULL, 5, 1, '2026-05-18 15:41:13'),
(78, 6, 22, '鬆餅分量很大很好吃', NULL, 5, 1, '2026-05-18 15:47:04'),
(79, 7, 24, '鹹鬆餅很好吃!\r\n', NULL, 5, 1, '2026-05-18 15:51:04'),
(80, 7, 24, '鹹鹹的意外的很好吃，推薦給大家', 'food_7_1779119702.jpg', 5, 1, '2026-05-18 15:55:02'),
(82, 7, 66, '紅燒肉必點，超級好吃', 'food_7_1779120261.jpg', 5, 1, '2026-05-18 16:04:21'),
(83, 7, 60, '一定要來吃心園的蘿蔔糕，吃了就回不去了\r\n', 'food_7_1779120595.jpg', 4, 1, '2026-05-18 16:09:55'),
(84, 7, 41, '普通的水餃，沒啥特色', 'food_7_1779120674.jpg', 3, 1, '2026-05-18 16:11:14'),
(85, 7, 178, '炒飯還不錯，而且是剛炒好的，熱熱的很好吃', 'food_7_1779120744.jpg', 4, 1, '2026-05-18 16:12:24'),
(86, 7, 261, '套餐組合很優惠，而且食物也不雷', 'food_7_1779120899.jpg', 4, 1, '2026-05-18 16:14:59'),
(87, 7, 123, '好吃的豬排，價格也很親民', 'food_7_1779120990.jpg', 4, 1, '2026-05-18 16:16:30'),
(88, 7, 55, '吸附了滷汁，很好吃', 'food_7_1779121044.jpg', 4, 1, '2026-05-18 16:17:24'),
(89, 7, 120, '好吃，但我個人不喜歡上面放一堆洋蔥', 'food_7_1779121102.jpg', 4, 1, '2026-05-18 16:18:22'),
(90, 3, 18, '有點甜，但整體來說是好吃的', 'food_3_1779121210.jpg', 4, 1, '2026-05-18 16:20:10'),
(91, 3, 197, '味道很夠味，推薦', 'food_3_1779121284.jpg', 4, 1, '2026-05-18 16:21:24'),
(92, 3, 40, '滷肉飯很好吃，重點是價格超便宜，下次還來吃', 'food_3_1779121396.jpg', 5, 1, '2026-05-18 16:23:16'),
(93, 4, 123, '還不錯，就是普通的味道', 'food_4_1779121494.jpg', 4, 1, '2026-05-18 16:24:54'),
(94, 4, 9, '鬆餅好吃，但排隊實在是太久了', NULL, 3, 1, '2026-05-18 16:25:40'),
(95, 4, 74, '高麗菜非常好吃，而且才10元，我跟朋友都有夾這道菜', 'food_4_1779121996.jpg', 5, 1, '2026-05-18 16:33:16'),
(96, 4, 115, '比想像中普通，不會想再購買', NULL, 3, 1, '2026-05-18 16:34:29');

-- --------------------------------------------------------

--
-- 資料表結構 `consumptionlogs`
--

CREATE TABLE `consumptionlogs` (
  `log_id` int(11) NOT NULL,
  `u_id` int(11) NOT NULL,
  `item_id` int(11) DEFAULT NULL,
  `manual_item_name` varchar(150) DEFAULT NULL,
  `daily_meal` tinyint(1) NOT NULL,
  `total_calories` int(11) DEFAULT 0,
  `total_protein` decimal(5,2) DEFAULT 0.00,
  `total_fat` decimal(10,2) DEFAULT 0.00,
  `total_carbs` decimal(10,2) DEFAULT 0.00,
  `recorded_at` datetime DEFAULT current_timestamp(),
  `price` decimal(10,2) DEFAULT 0.00
) ENGINE=InnoDB DEFAULT CHARSET=utf8mb4 COLLATE=utf8mb4_general_ci;

--
-- 傾印資料表的資料 `consumptionlogs`
--

INSERT INTO `consumptionlogs` (`log_id`, `u_id`, `item_id`, `manual_item_name`, `daily_meal`, `total_calories`, `total_protein`, `total_fat`, `total_carbs`, `recorded_at`, `price`) VALUES
(1, 3, 52, NULL, 1, 450, 0.00, 0.00, 0.00, '2026-04-21 02:46:52', 0.00),
(2, 4, 101, NULL, 2, 900, 0.00, 0.00, 0.00, '2026-04-21 02:46:52', 0.00),
(3, 3, 32, NULL, 2, 300, 0.00, 0.00, 0.00, '2026-04-21 14:39:53', 0.00),
(4, 3, 2, NULL, 4, 330, 0.00, 0.00, 0.00, '2026-04-21 14:40:57', 0.00),
(5, 3, 163, NULL, 3, 720, 0.00, 0.00, 0.00, '2026-04-15 14:56:22', 0.00),
(6, 3, 1, NULL, 2, 320, 0.00, 0.00, 0.00, '2026-04-21 15:23:04', 0.00),
(7, 3, 3, NULL, 4, 310, 0.00, 0.00, 0.00, '2026-04-21 15:36:40', 0.00),
(12, 3, NULL, '蜜糖波堤', 4, 215, 1.30, 11.40, 26.70, '2026-05-06 23:53:10', 42.00),
(13, 3, NULL, '勁番茄牛肉麵', 2, 820, 30.00, 24.00, 80.00, '2026-05-06 23:54:50', 175.00),
(16, 9, 1, NULL, 2, 320, 5.00, 9.00, 48.00, '2026-05-17 10:17:03', 50.00),
(17, 9, 59, NULL, 2, 140, 3.00, 3.89, 21.00, '2026-05-17 10:17:16', 5.00),
(18, 9, 80, NULL, 3, 695, 18.00, 19.31, 104.25, '2026-05-17 10:17:29', 115.00),
(19, 9, 60, NULL, 4, 202, 4.00, 5.61, 30.30, '2026-05-17 10:17:43', 20.00),
(20, 9, 33, NULL, 2, 320, 7.00, 8.89, 48.00, '2026-05-17 10:18:05', 35.00),
(21, 9, 2, NULL, 2, 330, 5.00, 9.00, 50.00, '2026-05-17 11:10:38', 50.00);

-- --------------------------------------------------------

--
-- 資料表結構 `favorites`
--

CREATE TABLE `favorites` (
  `u_id` int(11) NOT NULL,
  `item_id` int(11) NOT NULL,
  `created_at` timestamp NOT NULL DEFAULT current_timestamp()
) ENGINE=InnoDB DEFAULT CHARSET=utf8mb4 COLLATE=utf8mb4_unicode_ci;

--
-- 傾印資料表的資料 `favorites`
--

INSERT INTO `favorites` (`u_id`, `item_id`, `created_at`) VALUES
(3, 208, '2026-05-14 18:18:35'),
(4, 1, '2026-05-14 18:18:35'),
(5, 306, '2026-05-14 18:18:35'),
(6, 31, '2026-05-14 18:18:35'),
(7, 102, '2026-05-14 18:18:35');

-- --------------------------------------------------------

--
-- 資料表結構 `items`
--

CREATE TABLE `items` (
  `item_id` int(11) NOT NULL,
  `c_id` int(11) NOT NULL,
  `name` varchar(150) NOT NULL,
  `price` decimal(10,2) NOT NULL DEFAULT 0.00,
  `calories` int(11) DEFAULT NULL,
  `protein` decimal(5,2) DEFAULT NULL,
  `fat` decimal(5,2) DEFAULT NULL,
  `carbs` decimal(5,2) DEFAULT NULL,
  `is_vegetarian` tinyint(1) DEFAULT 0,
  `item_status` tinyint(1) NOT NULL DEFAULT 1
) ENGINE=InnoDB DEFAULT CHARSET=utf8mb4 COLLATE=utf8mb4_general_ci;

--
-- 傾印資料表的資料 `items`
--

INSERT INTO `items` (`item_id`, `c_id`, `name`, `price`, `calories`, `protein`, `fat`, `carbs`, `is_vegetarian`, `item_status`) VALUES
(1, 1, '蜂蜜鬆餅', 50.00, 320, 5.00, 9.00, 48.00, 1, 1),
(2, 1, '焦糖鬆餅', 50.00, 330, 5.00, 9.00, 50.00, 1, 1),
(3, 1, '抹茶鬆餅', 50.00, 310, 5.00, 9.00, 47.00, 1, 1),
(4, 1, '椰香鬆餅', 55.00, 350, 5.50, 10.00, 53.00, 1, 1),
(5, 1, '花生鬆餅', 55.00, 380, 8.00, 11.00, 57.00, 1, 1),
(6, 1, '奶油鬆餅', 55.00, 360, 5.00, 10.00, 54.00, 1, 1),
(7, 1, '草莓鬆餅', 55.00, 320, 5.00, 9.00, 48.00, 1, 1),
(8, 1, '藍莓鬆餅', 55.00, 320, 5.00, 9.00, 48.00, 1, 1),
(9, 1, '巧克力鬆餅', 60.00, 350, 6.00, 10.00, 53.00, 1, 1),
(10, 1, '芝麻鬆餅', 60.00, 370, 7.00, 10.00, 56.00, 1, 1),
(11, 1, '芋頭泥鬆餅', 60.00, 380, 6.00, 11.00, 57.00, 1, 1),
(12, 1, '鮮奶油鬆餅', 60.00, 420, 5.50, 12.00, 63.00, 1, 1),
(13, 1, '卡士達鬆餅', 70.00, 450, 7.00, 13.00, 68.00, 1, 1),
(14, 2, '蜂蜜黑可可', 55.00, 340, 6.00, 9.00, 51.00, 1, 1),
(15, 2, '藍莓黑可可', 60.00, 340, 6.00, 9.00, 51.00, 1, 1),
(16, 2, '巧克力黑可可', 65.00, 370, 7.00, 10.00, 56.00, 1, 1),
(17, 2, '黑可可鮮奶油', 65.00, 440, 6.50, 12.00, 66.00, 1, 1),
(18, 2, '黑可可卡士達', 75.00, 470, 8.00, 13.00, 71.00, 1, 1),
(19, 2, '藍莓乳酪', 85.00, 480, 10.00, 13.00, 72.00, 1, 1),
(20, 2, '藍莓乳酪+黑腹豆豆', 95.00, 520, 11.00, 14.00, 78.00, 1, 1),
(21, 2, '冰淇淋黑可可', 95.00, 550, 8.00, 15.00, 83.00, 1, 1),
(22, 3, '玉米起司蔬菜', 65.00, 380, 12.00, 11.00, 57.00, 1, 1),
(23, 3, '鮪魚鬆餅', 70.00, 420, 18.00, 12.00, 63.00, 0, 1),
(24, 3, '培根鬆餅', 70.00, 450, 15.00, 13.00, 68.00, 0, 1),
(25, 3, '燻雞鬆餅', 70.00, 410, 22.00, 11.00, 62.00, 0, 1),
(26, 3, '勁辣雞鬆餅', 70.00, 550, 20.00, 15.00, 83.00, 0, 1),
(27, 3, '紐奧良雞鬆餅', 70.00, 520, 21.00, 14.00, 78.00, 0, 1),
(28, 3, '德州烤雞腿', 85.00, 580, 25.00, 16.00, 87.00, 0, 1),
(29, 3, '椒麻雞鬆餅', 85.00, 600, 24.00, 17.00, 90.00, 0, 1),
(30, 3, '厚切沙朗牛肉', 90.00, 620, 28.00, 17.00, 93.00, 0, 1),
(31, 4, '乾麵', 35.00, 350, 10.00, 9.72, 52.50, 0, 1),
(32, 4, '陽春麵', 35.00, 300, 8.00, 8.33, 45.00, 0, 1),
(33, 4, '客家板條', 35.00, 320, 7.00, 8.89, 48.00, 0, 1),
(34, 4, '意麵', 35.00, 380, 9.00, 10.56, 57.00, 0, 1),
(35, 4, '肉燥拉麵', 35.00, 420, 12.00, 11.67, 63.00, 0, 1),
(36, 4, '榨菜肉絲乾麵', 40.00, 400, 14.00, 11.11, 60.00, 0, 1),
(37, 4, '肉羹麵', 45.00, 480, 15.00, 13.33, 72.00, 0, 1),
(38, 4, '餛飩麵', 50.00, 450, 18.00, 12.50, 67.50, 0, 1),
(39, 4, '當歸鴨麵線', 55.00, 450, 20.00, 12.50, 67.50, 0, 1),
(40, 5, '滷肉飯', 30.00, 450, 10.00, 12.50, 67.50, 0, 1),
(41, 5, '水餃(5個)', 25.00, 250, 10.00, 6.94, 37.50, 0, 1),
(42, 5, '咖哩雞肉燴飯', 50.00, 650, 22.00, 18.06, 97.50, 0, 1),
(43, 5, '蠔油豬肉燴飯', 60.00, 620, 20.00, 17.22, 93.00, 0, 1),
(44, 5, '紅燒牛肉燴飯', 70.00, 700, 25.00, 19.44, 105.00, 0, 1),
(45, 6, '貢丸湯', 25.00, 150, 8.00, 4.17, 22.50, 0, 1),
(46, 6, '魚丸湯', 25.00, 120, 7.00, 3.33, 18.00, 0, 1),
(47, 6, '粉腸湯', 25.00, 180, 12.00, 5.00, 27.00, 0, 1),
(48, 6, '燙青菜', 25.00, 80, 2.00, 2.22, 12.00, 1, 1),
(49, 6, '肝連湯', 35.00, 160, 15.00, 4.44, 24.00, 0, 1),
(50, 6, '當歸鴨湯', 45.00, 250, 18.00, 6.94, 37.50, 0, 1),
(51, 7, '滷蛋', 10.00, 75, 7.00, 2.08, 11.25, 1, 1),
(52, 7, '油豆腐', 10.00, 80, 5.00, 2.22, 12.00, 1, 1),
(53, 7, '百頁', 10.00, 90, 6.00, 2.50, 13.50, 1, 1),
(54, 7, '蘭花干', 10.00, 70, 4.00, 1.94, 10.50, 1, 1),
(55, 7, '米血糕', 10.00, 120, 2.00, 3.33, 18.00, 1, 1),
(56, 7, '豆包', 10.00, 100, 8.00, 2.78, 15.00, 1, 1),
(57, 7, '素雞', 15.00, 80, 7.00, 2.22, 12.00, 1, 1),
(58, 8, '白飯(一碗)', 10.00, 280, 6.00, 7.78, 42.00, 1, 1),
(59, 8, '白飯(半碗)', 5.00, 140, 3.00, 3.89, 21.00, 1, 1),
(60, 8, '炸蘿蔔糕', 20.00, 202, 4.00, 5.61, 30.30, 1, 1),
(61, 8, '螞蟻上樹', 20.00, 241, 5.00, 6.69, 36.15, 0, 1),
(62, 9, '炸雞排', 35.00, 317, 22.00, 8.81, 47.55, 0, 1),
(63, 9, '滷雞腿', 35.00, 230, 26.00, 6.39, 34.50, 0, 1),
(64, 9, '糖醋排骨', 25.00, 200, 24.00, 5.56, 30.00, 0, 1),
(65, 9, '卡拉雞腿', 30.00, 239, 16.00, 6.64, 35.85, 0, 1),
(66, 9, '紅燒肉', 30.00, 400, 20.00, 11.11, 60.00, 0, 1),
(67, 9, '漢堡排', 30.00, 325, 17.50, 9.03, 48.75, 0, 1),
(68, 9, '荷包蛋', 12.50, 100, 7.00, 2.78, 15.00, 1, 1),
(69, 10, '皮蛋豆腐', 30.00, 165, 14.00, 4.58, 24.75, 1, 1),
(70, 10, '炸豆腐', 10.00, 225, 12.50, 6.25, 33.75, 1, 1),
(71, 10, '絞肉蒸蛋', 15.00, 130, 10.00, 3.61, 19.50, 0, 1),
(72, 10, '豬耳朵', 25.00, 150, 11.50, 4.17, 22.50, 0, 1),
(73, 11, '花椰菜', 15.00, 35, 2.00, 0.97, 5.25, 1, 1),
(74, 11, '炒高麗菜', 10.00, 70, 1.00, 1.94, 10.50, 1, 1),
(75, 11, '豌豆', 10.00, 65, 4.00, 1.81, 9.75, 1, 1),
(76, 11, '南瓜', 10.00, 70, 1.00, 1.94, 10.50, 1, 1),
(77, 12, '超值咖哩飯(大)', 100.00, 572, 15.00, 15.89, 85.80, 1, 1),
(78, 12, '元氣咖哩飯(小)', 90.00, 476, 12.00, 13.22, 71.40, 1, 1),
(79, 12, '咖哩乾拌麵', 60.00, 462, 10.00, 12.83, 69.30, 1, 1),
(80, 13, '野菇番茄義大利麵', 115.00, 695, 18.00, 19.31, 104.25, 1, 1),
(81, 13, '奶油鮮蔬義大利麵', 115.00, 710, 16.00, 19.72, 106.50, 1, 1),
(82, 14, '椒香麻醬麵', 70.00, 530, 13.00, 14.72, 79.50, 1, 1),
(83, 14, '招牌麻醬麵', 60.00, 515, 13.00, 14.31, 77.25, 1, 1),
(84, 15, '荷包蛋/滷蛋', 15.00, 95, 7.00, 2.64, 14.25, 1, 1),
(85, 15, '芝心蛋', 20.00, 79, 6.00, 2.19, 11.85, 1, 1),
(86, 16, '華記招牌飯', 100.00, 850, 35.00, 23.61, 127.50, 0, 1),
(87, 16, '蜜汁叉燒飯', 85.00, 780, 28.00, 21.67, 117.00, 0, 1),
(88, 16, '玫瑰油雞飯', 85.00, 720, 30.00, 20.00, 108.00, 0, 1),
(89, 16, '明爐燒鴨飯', 90.00, 820, 25.00, 22.78, 123.00, 0, 1),
(90, 17, '叉燒油雞飯', 95.00, 750, 29.00, 20.83, 112.50, 0, 1),
(91, 17, '燒鴨燒肉飯', 100.00, 880, 28.00, 24.44, 132.00, 0, 1),
(92, 18, '特色澳門葡汁雞腿飯', 95.00, 850, 32.00, 23.61, 127.50, 0, 1),
(93, 18, '滑蛋牛肉飯', 90.00, 650, 25.00, 18.06, 97.50, 0, 1),
(94, 18, '乾炒牛河', 100.00, 700, 22.00, 19.44, 105.00, 0, 1),
(95, 35, '櫻桃蝦蛋炒飯', 100.00, 750, 18.00, 20.83, 112.50, 0, 1),
(96, 35, '綜合蛋炒飯', 95.00, 780, 20.00, 21.67, 117.00, 0, 1),
(97, 35, '青椒牛肉蛋炒飯', 95.00, 720, 22.00, 20.00, 108.00, 0, 1),
(98, 35, '泡菜牛肉蛋炒飯', 95.00, 750, 22.00, 20.83, 112.50, 0, 1),
(99, 35, '沙茶豬肉蛋炒飯', 90.00, 700, 22.00, 19.44, 105.00, 0, 1),
(100, 35, '鳳梨蝦仁蛋炒飯', 90.00, 680, 18.00, 18.89, 102.00, 0, 1),
(101, 35, '菜脯香腸蛋炒飯', 90.00, 720, 16.00, 20.00, 108.00, 0, 1),
(102, 23, '經典原味舒芙蕾', 95.00, 350, 8.00, 9.72, 52.50, 1, 1),
(103, 23, '抹茶舒芙蕾', 100.00, 380, 8.00, 9.72, 55.50, 1, 1),
(104, 23, '巧克力舒芙蕾', 100.00, 380, 8.00, 10.56, 57.00, 1, 1),
(105, 24, 'OREO 歐嚕嚕舒芙蕾', 125.00, 450, 9.00, 12.50, 67.50, 1, 1),
(106, 24, '紅豆抹茶舒芙蕾', 125.00, 460, 10.00, 12.78, 69.00, 1, 1),
(107, 24, '黑糖珍珠舒芙蕾', 150.00, 520, 9.00, 14.44, 78.00, 1, 1),
(108, 24, '蜂蜜酥脆穀片舒芙蕾', 150.00, 480, 10.00, 13.33, 72.00, 1, 1),
(109, 24, '抹茶歐蕾珍珠舒芙蕾', 150.00, 540, 10.00, 15.00, 81.00, 1, 1),
(110, 24, '邪惡海鹽焦糖舒芙蕾', 150.00, 500, 8.00, 13.89, 75.00, 1, 1),
(111, 24, '莓果繽紛派對舒芙蕾', 180.00, 450, 8.00, 12.50, 67.50, 1, 1),
(112, 25, '肉鬆飯捲', 50.00, 380, 9.00, 10.56, 57.00, 0, 1),
(113, 25, '日式金平飯捲', 50.00, 350, 7.00, 9.72, 52.50, 1, 1),
(114, 25, '脆脆飯捲', 60.00, 400, 8.00, 11.11, 60.00, 1, 1),
(115, 25, '辣味飯捲', 60.00, 420, 10.00, 11.67, 63.00, 0, 1),
(116, 25, '燻雞飯捲', 65.00, 430, 15.00, 11.94, 64.50, 0, 1),
(117, 25, '鮪魚飯捲', 65.00, 410, 14.00, 11.39, 61.50, 0, 1),
(118, 25, '鮭魚飯捲', 70.00, 440, 16.00, 12.22, 66.00, 0, 1),
(119, 26, '鐵板麵', 80.00, 550, 12.00, 15.28, 82.50, 1, 1),
(120, 26, '鐵板豬肉飯', 100.00, 750, 25.00, 20.83, 112.50, 0, 1),
(121, 26, '鐵板牛肉飯', 110.00, 780, 28.00, 21.67, 117.00, 0, 1),
(122, 27, '特製牛排', 150.00, 700, 35.00, 19.44, 105.00, 0, 1),
(123, 27, '特製豬排', 150.00, 680, 32.00, 18.89, 102.00, 0, 1),
(124, 27, '雞腿排', 160.00, 650, 38.00, 18.06, 97.50, 0, 1),
(125, 27, '鱈魚排', 180.00, 600, 25.00, 16.67, 90.00, 0, 1),
(126, 27, '沙朗牛排', 210.00, 850, 45.00, 23.61, 127.50, 0, 1),
(127, 28, '牛+牛', 240.00, 1100, 70.00, 30.56, 165.00, 0, 1),
(128, 28, '牛+豬', 240.00, 1050, 67.00, 29.17, 157.50, 0, 1),
(129, 28, '牛+雞', 250.00, 1000, 73.00, 27.78, 150.00, 0, 1),
(130, 28, '豬+雞', 250.00, 980, 70.00, 27.22, 147.00, 0, 1),
(131, 29, '招牌牛肉飯(單點)', 130.00, 737, 32.50, 20.47, 110.55, 0, 1),
(132, 29, '招牌牛肉飯(套餐)', 150.00, 850, 35.00, 23.61, 127.50, 0, 1),
(133, 29, '招牌豬肉飯(單點)', 120.00, 737, 32.50, 20.47, 110.55, 0, 1),
(134, 29, '招牌豬肉飯(套餐)', 140.00, 850, 35.00, 23.61, 127.50, 0, 1),
(135, 29, '豬排海苔飯(單點)', 95.00, 666, 25.00, 18.50, 99.90, 0, 1),
(136, 29, '豬排海苔飯(套餐)', 115.00, 750, 30.00, 20.83, 112.50, 0, 1),
(137, 30, '炸排骨便當', 110.00, 750, 25.00, 20.83, 112.50, 0, 1),
(138, 30, '炸魚排便當', 110.00, 650, 22.00, 18.06, 97.50, 0, 1),
(139, 30, '炸雞排便當', 110.00, 780, 28.00, 21.67, 117.00, 0, 1),
(140, 30, '炸雞胸肉便當', 110.00, 650, 32.00, 18.06, 97.50, 0, 1),
(141, 30, '炸咔啦雞腿便當', 110.00, 780, 26.00, 21.67, 117.00, 0, 1),
(142, 30, '炸紐奧良雞腿便當', 110.00, 750, 28.00, 20.83, 112.50, 0, 1),
(143, 31, '海鮮拉麵(單點)', 95.00, 585, 25.00, 16.25, 87.75, 0, 1),
(144, 31, '海鮮拉麵(套餐)', 115.00, 680, 28.00, 18.89, 102.00, 0, 1),
(145, 31, '辛拉麵(單點)', 95.00, 550, 15.00, 15.28, 82.50, 0, 1),
(146, 31, '辛拉麵(套餐)', 115.00, 650, 18.00, 18.06, 97.50, 0, 1),
(147, 31, '泡菜拉麵(單點)', 95.00, 520, 22.00, 14.44, 78.00, 0, 1),
(148, 31, '泡菜拉麵(套餐)', 115.00, 620, 25.00, 17.22, 93.00, 0, 1),
(149, 31, '炒泡麵(單點)', 95.00, 620, 10.00, 17.22, 93.00, 0, 1),
(150, 31, '炒泡麵(套餐)', 115.00, 720, 13.00, 20.00, 108.00, 0, 1),
(151, 31, '炒烏龍(單點)', 95.00, 620, 18.00, 17.22, 93.00, 0, 1),
(152, 31, '炒烏龍(套餐)', 115.00, 720, 21.00, 20.00, 108.00, 0, 1),
(153, 31, '烏龍湯麵(單點)', 95.00, 483, 20.00, 13.42, 72.45, 0, 1),
(154, 31, '烏龍湯麵(套餐)', 115.00, 583, 23.00, 16.19, 87.45, 0, 1),
(155, 32, '泡菜豆腐鍋', 110.00, 520, 22.00, 14.44, 78.00, 0, 1),
(156, 36, '蝦仁蛋炒飯', 80.00, 650, 18.00, 18.06, 97.50, 0, 1),
(157, 36, '火腿玉米蛋炒飯', 80.00, 700, 15.00, 19.44, 105.00, 0, 1),
(158, 37, '蔬菜玉米蛋炒飯', 75.00, 550, 12.00, 15.28, 82.50, 1, 1),
(159, 34, '無糖綠茶', 20.00, 0, 0.00, 0.00, 0.00, 1, 1),
(160, 34, '檸檬紅茶', 25.00, 120, 0.00, 3.33, 18.00, 1, 1),
(161, 35, '臘肉蛋炒飯', 100.00, 750, 18.00, 20.83, 112.50, 0, 1),
(162, 35, '鹹豬肉蛋炒飯', 95.00, 780, 20.00, 21.67, 117.00, 0, 1),
(163, 35, '蝦仁肉絲蛋炒飯', 95.00, 720, 22.00, 20.00, 108.00, 0, 1),
(164, 35, '沙茶牛肉蛋炒飯', 95.00, 750, 22.00, 20.83, 112.50, 0, 1),
(165, 35, '青椒豬肉蛋炒飯', 90.00, 700, 20.00, 19.44, 105.00, 0, 1),
(166, 35, '泡菜豬肉蛋炒飯', 90.00, 680, 18.00, 18.89, 102.00, 0, 1),
(167, 35, '夏威夷蛋炒飯', 87.50, 720, 16.00, 20.00, 108.00, 0, 1),
(168, 36, '牛肉蛋炒飯', 85.00, 680, 22.00, 18.89, 102.00, 0, 1),
(169, 36, '豬肉蛋炒飯', 80.00, 650, 18.00, 18.06, 97.50, 0, 1),
(170, 36, '香腸蛋炒飯', 80.00, 700, 15.00, 19.44, 105.00, 0, 1),
(171, 36, '培根玉米蛋炒飯', 75.00, 720, 14.00, 20.00, 108.00, 0, 1),
(172, 36, '無敵蛋炒飯', 60.00, 500, 12.00, 13.89, 75.00, 0, 1),
(173, 37, '素肉蛋炒飯', 77.50, 550, 12.00, 15.28, 82.50, 1, 1),
(174, 37, '鳳梨蛋炒飯', 75.00, 520, 10.00, 14.44, 78.00, 1, 1),
(175, 38, '鹹豬肉炒麵', 100.00, 850, 20.00, 23.61, 127.50, 0, 1),
(176, 38, '牛肉炒麵', 80.00, 700, 22.00, 19.44, 105.00, 0, 1),
(177, 38, '蝦仁炒麵', 80.00, 680, 18.00, 18.89, 102.00, 0, 1),
(178, 39, '火腿蛋炒飯(特價)', 75.00, 700, 15.00, 19.44, 105.00, 0, 1),
(179, 40, '夏威夷炒飯', 100.00, 720, 16.00, 20.00, 108.00, 0, 1),
(180, 40, '羊肉炒飯', 100.00, 780, 22.00, 21.67, 117.00, 0, 1),
(181, 41, '培根蛋炒飯', 80.00, 720, 14.00, 20.00, 108.00, 0, 1),
(182, 41, '火腿蛋炒飯', 80.00, 700, 15.00, 19.44, 105.00, 0, 1),
(183, 41, '肉絲蛋炒飯', 80.00, 680, 20.00, 18.89, 102.00, 0, 1),
(184, 41, '泡菜肉絲蛋炒飯', 80.00, 720, 20.00, 20.00, 108.00, 0, 1),
(185, 41, '雞肉絲蛋炒飯', 80.00, 650, 22.00, 18.06, 97.50, 0, 1),
(186, 41, '養生素蛋炒飯', 80.00, 550, 12.00, 15.28, 82.50, 1, 1),
(187, 41, '蝦仁蛋炒飯', 85.00, 650, 18.00, 18.06, 97.50, 0, 1),
(188, 41, '香腸蛋炒飯', 85.00, 720, 15.00, 20.00, 108.00, 0, 1),
(189, 42, '涼麵(大)', 55.00, 450, 12.00, 12.50, 67.50, 1, 1),
(190, 42, '涼麵(小)', 45.00, 350, 9.00, 9.72, 52.50, 1, 1),
(191, 42, '豆腐味噌湯', 20.00, 80, 6.00, 2.22, 12.00, 1, 1),
(192, 43, '川滷牛雙寶飯', 120.00, 850, 35.00, 23.61, 127.50, 0, 1),
(193, 43, '川香剁椒肉絲飯', 120.00, 780, 25.00, 21.67, 117.00, 0, 1),
(194, 43, '川香口水雞飯', 120.00, 750, 30.00, 20.83, 112.50, 0, 1),
(195, 43, '川味李莊白肉飯', 120.00, 820, 22.00, 22.78, 123.00, 0, 1),
(196, 43, '群菇滑肉湯', 100.00, 450, 18.00, 12.50, 67.50, 0, 1),
(197, 43, '麻辣鴨血臭豆腐', 100.00, 550, 20.00, 15.28, 82.50, 0, 1),
(198, 44, '紅藜飯', 20.00, 280, 7.00, 7.78, 42.00, 1, 1),
(199, 44, '乾拌冬粉', 20.00, 180, 0.20, 5.00, 27.00, 1, 1),
(200, 44, '王子麵', 20.00, 220, 4.60, 6.11, 33.00, 1, 1),
(201, 44, '時蔬', 30.00, 40, 1.50, 1.11, 6.00, 1, 1),
(202, 44, '豬肉片', 30.00, 150, 12.00, 4.17, 22.50, 0, 1),
(203, 44, '滷牛肉片', 40.00, 120, 15.00, 3.33, 18.00, 0, 1),
(204, 45, '雞肉沙威瑪', 100.00, 450, 25.00, 12.50, 67.50, 0, 1),
(205, 45, '蔬食捲餅', 65.00, 380, 12.00, 10.56, 57.00, 1, 1),
(206, 45, '牛肉捲餅', 100.00, 500, 28.00, 13.89, 75.00, 0, 1),
(207, 45, '沙威瑪雞肉捲', 100.00, 480, 26.00, 13.33, 72.00, 0, 1),
(208, 46, '雞肉飯', 130.00, 750, 30.00, 20.83, 112.50, 0, 1),
(209, 46, '牛肉飯', 130.00, 780, 32.00, 21.67, 117.00, 0, 1),
(210, 46, '羊肉飯', 130.00, 800, 30.00, 22.22, 120.00, 0, 1),
(211, 46, '綜合肉飯', 130.00, 820, 35.00, 22.78, 123.00, 0, 1),
(212, 47, '雞塊(5塊)', 40.00, 250, 12.00, 6.94, 37.50, 0, 1),
(213, 47, '薯條', 40.00, 320, 3.00, 8.89, 48.00, 1, 1),
(214, 47, '埃及手作布丁', 40.00, 220, 5.00, 6.11, 33.00, 1, 1),
(215, 47, '煉乳銀絲卷', 40.00, 350, 6.00, 9.72, 52.50, 1, 1),
(216, 44, '杏鮑菇', 30.00, 40, 1.50, 1.11, 6.00, 1, 1),
(217, 44, '金針菇', 30.00, 40, 1.50, 1.11, 6.00, 1, 1),
(218, 44, '湯冬粉', 20.00, 180, 0.20, 5.00, 27.00, 1, 1),
(219, 38, '豬肉炒麵', 80.00, 700, 22.00, 19.44, 105.00, 0, 1),
(220, 55, '雞肉清湯', 30.00, 65, 2.00, 1.81, 9.75, 0, 1),
(221, 58, '辣炒年糕', 85.00, 562, 10.00, 15.61, 84.30, 0, 1),
(222, 60, '乾板條(小)', 70.00, 580, 18.00, 16.11, 87.00, 0, 1),
(223, 60, '乾板條(大)', 85.00, 720, 22.00, 20.00, 108.00, 0, 1),
(224, 62, '貢丸湯', 35.00, 175, 10.00, 4.86, 26.25, 0, 1),
(225, 62, '綜合丸湯', 35.00, 175, 10.00, 4.86, 26.25, 0, 1),
(226, 64, '豬排蛋漢堡', 55.00, 470, 25.00, 12.50, 67.50, 0, 1),
(227, 64, '雞排蛋漢堡', 60.00, 520, 25.00, 14.00, 75.50, 0, 1),
(228, 53, '白切雞飯', 120.00, 710, 34.00, 18.00, 103.00, 0, 1),
(229, 53, '醬油雞飯', 120.00, 730, 35.00, 20.28, 109.50, 0, 1),
(230, 53, '蔥油雞飯', 120.00, 780, 38.00, 21.67, 117.00, 0, 1),
(231, 53, '香辣雞飯', 120.00, 780, 36.00, 21.67, 117.00, 0, 1),
(232, 53, '暹羅雞飯', 120.00, 720, 32.00, 20.00, 108.00, 0, 1),
(233, 53, '銷魂雞飯', 120.00, 740, 34.00, 20.56, 111.00, 0, 1),
(234, 53, '惡魔雞飯', 120.00, 760, 35.00, 21.11, 114.00, 0, 1),
(235, 54, '無菜肉飯', 100.00, 600, 30.00, 16.67, 90.00, 0, 1),
(236, 55, '招牌雞肉湯', 100.00, 250, 20.00, 6.94, 37.50, 0, 1),
(237, 55, '蘿蔔湯', 30.00, 65, 2.00, 1.81, 9.75, 0, 1),
(238, 55, '奇奇鮮嫩雞腿肉', 80.00, 400, 28.00, 11.11, 60.00, 0, 1),
(239, 56, '烤肉飯', 120.00, 737, 32.50, 20.47, 110.55, 0, 1),
(240, 56, '烤肉湯麵', 120.00, 650, 30.00, 18.06, 97.50, 0, 1),
(241, 56, '烤肉拌飯', 120.00, 737, 32.50, 20.47, 110.55, 0, 1),
(242, 57, '海鮮豆腐辣湯', 110.00, 585, 25.00, 16.25, 87.75, 0, 1),
(243, 57, '泡菜豆腐辣湯', 110.00, 520, 22.00, 14.44, 78.00, 0, 1),
(244, 57, '泡菜豬肉鍋', 130.00, 905, 40.00, 25.14, 135.75, 0, 1),
(245, 57, '海鮮鍋燒', 110.00, 483, 20.00, 13.42, 72.45, 0, 1),
(246, 58, '年糕湯', 85.00, 562, 10.00, 15.61, 84.30, 0, 1),
(247, 58, '辣炒年糕加麵', 85.00, 620, 10.00, 17.22, 93.00, 0, 1),
(248, 59, '小豬拌飯', 100.00, 666, 25.00, 18.50, 99.90, 0, 1),
(249, 60, '哨子湯麵(小)', 70.00, 550, 18.00, 15.28, 82.50, 0, 1),
(250, 60, '哨子湯麵(大)', 85.00, 680, 22.00, 18.89, 102.00, 0, 1),
(251, 60, '哨子乾麵(小)', 70.00, 580, 18.00, 16.11, 87.00, 0, 1),
(252, 60, '哨子乾麵(大)', 85.00, 720, 22.00, 20.00, 108.00, 0, 1),
(253, 60, '哨子飯', 70.00, 650, 20.00, 18.06, 97.50, 0, 1),
(254, 60, '哨子烏龍麵', 95.00, 620, 18.00, 17.22, 93.00, 0, 1),
(255, 60, '咖啡豬肉飯', 90.00, 750, 25.00, 20.83, 112.50, 0, 1),
(256, 60, '咖哩乾拌麵', 92.00, 625, 22.00, 17.36, 93.75, 1, 1),
(257, 60, '咖哩板條', 90.00, 630, 20.00, 17.50, 94.50, 1, 1),
(258, 61, '1號:哨子飯+綜合丸湯', 100.00, 850, 32.00, 23.61, 127.50, 0, 1),
(259, 61, '2號:哨子乾麵+綜合丸湯', 100.00, 780, 30.00, 21.67, 117.00, 0, 1),
(260, 61, '3號:咖哩豬肉飯+綜合丸湯', 120.00, 950, 37.00, 26.39, 142.50, 0, 1),
(261, 61, '4號:哨子板條+綜合丸湯', 100.00, 830, 32.00, 23.06, 124.50, 0, 1),
(262, 61, '5號:咖哩乾拌麵+綜合丸湯', 120.00, 800, 34.00, 22.22, 120.00, 0, 1),
(263, 62, '咖哩烏龍麵', 92.00, 625, 22.00, 17.36, 93.75, 0, 1),
(264, 62, '鱈蝦丸湯', 35.00, 170, 10.00, 4.72, 25.50, 0, 1),
(265, 63, '原味蛋餅', 30.00, 300, 12.00, 8.33, 45.00, 1, 1),
(266, 63, '起司蛋餅', 40.00, 380, 18.00, 10.56, 57.00, 1, 1),
(267, 63, '玉米蛋餅', 40.00, 400, 14.00, 11.11, 60.00, 1, 1),
(268, 63, '豬排蛋餅', 50.00, 450, 25.00, 12.50, 67.50, 0, 1),
(269, 63, '雞排蛋餅', 55.00, 520, 22.00, 14.44, 78.00, 0, 1),
(270, 64, '煎蛋吐司', 30.00, 300, 12.00, 8.33, 45.00, 1, 1),
(271, 64, '起司蛋吐司', 40.00, 380, 18.00, 10.56, 57.00, 1, 1),
(272, 64, '豬排蛋吐司', 50.00, 450, 25.00, 12.50, 67.50, 0, 1),
(273, 64, '雞排蛋吐司', 55.00, 500, 22.00, 13.89, 75.00, 0, 1),
(274, 66, '黑胡椒義大利麵', 60.00, 650, 15.00, 18.06, 97.50, 1, 1),
(275, 66, '蘑菇義大利麵', 60.00, 650, 15.00, 18.06, 97.50, 1, 1),
(276, 66, '奶油培根義大利麵', 65.00, 800, 20.00, 22.22, 120.00, 0, 1),
(277, 67, '豬排骨', 30.00, 194, 20.50, 5.39, 29.10, 0, 1),
(278, 67, '豬頭皮', 30.00, 238, 15.80, 6.61, 35.70, 0, 1),
(279, 68, '油豆腐', 20.00, 18, 1.35, 0.49, 2.63, 1, 1),
(280, 68, '百頁豆腐', 20.00, 80, 6.25, 2.22, 12.00, 1, 1),
(281, 69, '滷蛋', 15.00, 75, 7.00, 2.08, 11.25, 1, 1),
(282, 69, '鴨血', 15.00, 17, 3.20, 0.47, 2.55, 0, 1),
(283, 69, '水晶餃', 20.00, 52, 1.80, 1.45, 7.83, 0, 1),
(284, 70, '王子麵', 15.00, 242, 6.40, 6.72, 36.30, 1, 1),
(285, 70, '寬粉', 20.00, 175, 0.20, 4.86, 26.25, 1, 1),
(286, 71, '蔬食特餐', 90.00, 475, 13.50, 13.19, 71.25, 1, 1),
(287, 72, '薑汁燒肉蓋飯', 100.00, 575, 23.50, 15.97, 86.25, 0, 1),
(288, 72, '泰式打拋豬', 95.00, 605, 21.50, 16.81, 90.75, 0, 1),
(289, 73, '海南雞', 95.00, 525, 26.50, 14.58, 78.75, 0, 1),
(290, 73, '蔥油雞', 95.00, 545, 26.50, 15.14, 81.75, 0, 1),
(291, 73, '香煎義式雞胸', 100.00, 505, 31.50, 14.03, 75.75, 0, 1),
(292, 73, '蜜汁酥雞', 100.00, 675, 23.50, 18.75, 101.25, 0, 1),
(293, 73, '蜂蜜韓式香酥雞', 100.00, 705, 23.50, 19.58, 105.75, 0, 1),
(294, 74, '椒鹽魚排', 100.00, 575, 21.50, 15.97, 86.25, 0, 1),
(295, 65, '巧克力吐司', 25.00, 290, 8.00, 10.20, 41.50, 1, 1),
(296, 65, '花生吐司', 25.00, 335, 11.50, 16.50, 35.00, 1, 1),
(297, 65, '草莓吐司', 25.00, 245, 7.50, 4.50, 44.00, 1, 1),
(298, 65, '藍莓吐司', 25.00, 245, 7.50, 4.50, 44.00, 1, 1),
(299, 65, '奶油吐司', 25.00, 310, 7.20, 15.00, 36.50, 1, 1),
(300, 67, '豬肉片', 30.00, 120, 9.20, 9.00, 0.00, 0, 1),
(301, 67, '豬肚', 30.00, 78, 7.50, 5.20, 0.00, 0, 1),
(302, 68, '凍豆腐', 15.00, 125, 12.00, 7.50, 2.50, 1, 1),
(303, 68, '豆皮', 15.00, 150, 10.50, 11.20, 2.80, 1, 1),
(304, 70, '蒸煮麵', 25.00, 280, 8.50, 1.20, 58.00, 1, 1),
(305, 70, '粉絲', 25.00, 140, 0.10, 0.10, 35.00, 1, 1),
(306, 48, '招牌鍋貼', 7.00, 65, 2.50, 1.79, 9.68, 0, 1),
(307, 48, '韭菜鍋貼', 7.00, 65, 2.50, 1.79, 9.68, 0, 1),
(308, 48, '韓式辣味鍋貼', 7.00, 65, 2.50, 1.79, 9.68, 0, 1),
(309, 48, '咖哩雞肉鍋貼', 7.00, 59, 2.50, 1.63, 8.78, 0, 1),
(310, 48, '玉米鍋貼', 7.00, 59, 2.50, 1.63, 8.78, 0, 1),
(311, 48, '素食鍋貼', 7.50, 63, 2.50, 1.75, 9.45, 1, 1),
(312, 49, '招牌水餃', 7.00, 55, 2.50, 1.53, 8.25, 0, 1),
(313, 49, '韭菜水餃', 7.00, 55, 2.50, 1.53, 8.25, 0, 1),
(314, 49, '韓式辣味水餃', 7.00, 55, 2.50, 1.53, 8.25, 0, 1),
(315, 49, '玉米水餃', 7.00, 53, 2.50, 1.47, 7.95, 0, 1),
(316, 49, '咖哩雞肉水餃', 7.00, 53, 2.50, 1.47, 7.95, 0, 1),
(317, 49, '素食水餃', 7.50, 53, 2.50, 1.47, 7.95, 1, 1),
(318, 49, '鮮蝦水餃', 10.50, 60, 3.00, 1.67, 9.00, 0, 1),
(319, 50, '乾拌麵', 55.00, 500, 10.00, 13.89, 75.00, 1, 1),
(320, 50, '菜肉抄手', 65.00, 375, 12.00, 10.42, 56.25, 0, 1),
(321, 51, '酸辣湯', 35.00, 175, 5.00, 4.86, 26.25, 0, 1),
(322, 51, '玉米濃湯', 35.00, 175, 5.00, 4.86, 26.25, 0, 1),
(323, 51, '旗魚花枝丸湯', 35.00, 125, 4.00, 3.47, 18.75, 0, 1),
(324, 51, '蘿蔔湯', 35.00, 125, 4.00, 3.47, 18.75, 0, 1),
(325, 52, '酸辣湯餃', 84.00, 575, 15.00, 15.97, 86.25, 0, 1),
(326, 52, '玉米湯餃', 84.00, 575, 15.00, 15.97, 86.25, 0, 1),
(327, 9, '鹹酥雞', 35.00, 325, 12.19, 9.03, 48.75, 0, 1),
(328, 10, '麻婆豆腐', 10.00, 225, 8.44, 6.25, 33.75, 1, 1),
(329, 10, '番茄炒蛋', 15.00, 130, 4.88, 3.61, 19.50, 0, 1),
(330, 10, '豆干', 10.00, 150, 5.63, 4.17, 22.50, 0, 1),
(331, 10, '炸豆皮', 10.00, 150, 5.63, 4.17, 22.50, 0, 1),
(332, 11, '豆芽菜', 10.00, 35, 1.31, 0.97, 5.25, 1, 1),
(333, 11, '炒菠菜', 10.00, 70, 2.63, 1.94, 10.50, 1, 1),
(334, 11, '炒乾絲紅蘿蔔', 10.00, 65, 2.44, 1.81, 9.75, 1, 1),
(335, 19, '1號餐 卡拉雞腿堡', 95.00, 850, 31.90, 23.60, 127.50, 0, 1),
(336, 19, '2號餐 香雞蛋堡', 65.00, 620, 23.30, 17.20, 93.00, 0, 1),
(337, 19, '3號餐 火腿+蘿蔔糕+蛋', 60.00, 540, 20.30, 15.00, 81.00, 0, 1),
(338, 19, '4號餐 薯餅+蘿蔔糕+蛋', 65.00, 590, 22.10, 16.40, 88.50, 1, 1),
(339, 19, '5號餐 豬排+蘿蔔糕+蛋', 65.00, 680, 25.50, 18.90, 102.00, 0, 1),
(340, 19, '6號餐 鐵板麵+蛋+香雞片', 80.00, 760, 28.50, 21.10, 114.00, 0, 1),
(341, 80, 'A套餐 麥克雞塊+奶茶', 55.00, 420, 15.80, 11.70, 63.00, 0, 1),
(342, 80, 'B套餐 四角薯餅+奶茶', 45.00, 380, 14.30, 10.60, 57.00, 1, 1),
(343, 80, 'C套餐 巧克力吐司+奶茶', 40.00, 350, 13.10, 9.70, 52.50, 1, 1),
(344, 81, '紅茶', 25.00, 120, 4.50, 3.30, 18.00, 1, 1),
(345, 81, '奶茶', 25.00, 180, 6.80, 5.00, 27.00, 1, 1),
(346, 81, '無糖綠茶', 25.00, 5, 0.20, 0.10, 0.80, 1, 1),
(347, 81, '豆漿', 25.00, 140, 5.30, 3.90, 21.00, 1, 1),
(348, 81, '薏仁漿', 25.00, 160, 6.00, 4.40, 24.00, 1, 1),
(349, 81, '柳橙汁', 25.00, 110, 4.10, 3.10, 16.50, 1, 1),
(350, 81, '蜂蜜檸檬汁', 35.00, 130, 4.90, 3.60, 19.50, 1, 1),
(351, 81, '咖啡', 30.00, 90, 3.40, 2.50, 13.50, 1, 1),
(352, 81, '可可', 40.00, 210, 7.90, 5.80, 31.50, 1, 1),
(353, 81, '鮮奶紅茶', 45.00, 220, 8.30, 6.10, 33.00, 1, 1),
(354, 22, '蘿蔔糕', 35.00, 202, 7.60, 5.60, 30.30, 1, 1),
(355, 22, '薯條', 40.00, 320, 12.00, 8.90, 48.00, 1, 1),
(356, 22, '四角薯餅', 25.00, 180, 6.80, 5.00, 27.00, 1, 1),
(357, 22, '麥克雞塊', 35.00, 250, 9.40, 6.90, 37.50, 0, 1),
(358, 22, '熱狗蛋', 35.00, 260, 9.80, 7.20, 39.00, 0, 1),
(359, 22, '炸餃', 40.00, 280, 10.50, 7.80, 42.00, 0, 1),
(360, 22, '卡拉雞腿塊', 45.00, 340, 12.80, 9.40, 51.00, 0, 1),
(361, 22, '起士薯餅塔', 65.00, 450, 16.90, 12.50, 67.50, 1, 1),
(362, 21, '蘑菇鐵板麵', 50.00, 420, 15.80, 11.70, 63.00, 1, 1),
(363, 21, '黑胡椒鐵板麵', 50.00, 430, 16.10, 11.90, 64.50, 1, 1),
(364, 21, '打拋豬鐵板麵', 60.00, 520, 19.50, 14.40, 78.00, 0, 1),
(365, 21, '三杯雞鐵板麵', 60.00, 540, 20.30, 15.00, 81.00, 0, 1),
(366, 21, '古早味鐵板麵', 60.00, 500, 18.80, 13.90, 75.00, 0, 1),
(367, 20, '起士蛋餅', 35.00, 305, 12.20, 16.50, 27.50, 1, 1),
(368, 20, '生菜蛋餅', 40.00, 265, 9.80, 12.40, 28.50, 1, 1),
(369, 20, '肉鬆蛋餅', 35.00, 355, 13.50, 18.20, 33.10, 0, 1),
(370, 20, '玉米蛋餅', 40.00, 315, 10.50, 13.80, 36.50, 1, 1),
(371, 20, '火腿蛋餅', 40.00, 325, 12.80, 16.10, 31.00, 0, 1),
(372, 20, '培根蛋餅', 40.00, 385, 13.20, 24.50, 28.20, 0, 1),
(373, 20, '鮪魚蛋餅', 45.00, 340, 15.50, 17.50, 29.50, 0, 1),
(374, 20, '薯餅蛋餅', 45.00, 425, 10.20, 22.80, 44.50, 1, 1),
(375, 20, '燻雞蛋餅', 45.00, 335, 17.20, 15.10, 32.20, 0, 1),
(376, 20, '豬排蛋餅', 45.00, 395, 20.10, 19.50, 34.00, 0, 1),
(377, 20, '嫩煎雞胸蛋餅', 65.00, 375, 26.50, 13.50, 31.50, 0, 1),
(378, 20, '卡啦雞腿蛋餅', 70.00, 580, 21.00, 34.50, 46.00, 0, 1),
(379, 20, '大熱狗蛋餅', 50.00, 390, 14.50, 23.20, 30.50, 0, 1),
(380, 20, '九層塔蛋餅', 35.00, 275, 10.10, 13.50, 28.00, 1, 1),
(381, 76, '起士蛋吐司', 35.00, 365, 14.50, 17.50, 36.50, 1, 1),
(382, 76, '生菜蛋吐司', 35.00, 320, 11.20, 13.50, 38.00, 1, 1),
(383, 76, '肉鬆蛋吐司', 35.00, 410, 14.80, 19.50, 43.50, 0, 1),
(384, 76, '玉米蛋吐司', 40.00, 370, 12.00, 14.80, 46.50, 1, 1),
(385, 76, '火腿蛋吐司', 40.00, 380, 14.50, 17.20, 41.50, 0, 1),
(386, 76, '培根蛋吐司', 40.00, 440, 14.80, 26.50, 36.00, 0, 1),
(387, 76, '鮪魚蛋吐司', 45.00, 395, 17.20, 18.50, 40.00, 0, 1),
(388, 76, '薯餅蛋吐司', 45.00, 480, 11.50, 24.50, 53.50, 1, 1),
(389, 76, '豬排蛋吐司', 45.00, 455, 22.50, 21.00, 44.00, 0, 1),
(390, 76, '嫩煎雞胸蛋吐司', 60.00, 430, 28.50, 15.00, 42.50, 0, 1),
(391, 76, '韓式脆雞吐司', 75.00, 590, 23.00, 32.50, 52.00, 0, 1),
(392, 76, '烤總匯吐司', 65.00, 620, 26.50, 30.50, 58.00, 0, 1),
(393, 75, '起士蛋漢堡', 40.00, 410, 16.50, 20.50, 42.00, 1, 1),
(394, 75, '火腿蛋漢堡', 45.00, 425, 16.80, 20.20, 45.50, 0, 1),
(395, 75, '培根蛋漢堡', 45.00, 485, 17.10, 29.50, 40.00, 0, 1),
(396, 75, '漢堡肉蛋漢堡', 45.00, 515, 21.50, 30.50, 41.50, 0, 1),
(397, 75, '香雞蛋漢堡', 45.00, 490, 19.20, 26.50, 46.00, 0, 1),
(398, 75, '鮪魚蛋漢堡', 50.00, 440, 19.50, 21.50, 44.50, 0, 1),
(399, 75, '薯餅蛋漢堡', 50.00, 525, 13.80, 27.50, 58.00, 1, 1),
(400, 75, '燻雞蛋漢堡', 50.00, 435, 22.50, 19.10, 46.00, 0, 1),
(401, 75, '豬排蛋漢堡', 50.00, 500, 24.80, 24.00, 48.50, 0, 1),
(402, 75, '魚排蛋漢堡', 55.00, 530, 20.50, 28.50, 51.50, 0, 1),
(403, 75, '牛肉吉士漢堡', 55.00, 560, 26.50, 32.50, 43.00, 0, 1),
(404, 75, '嫩煎雞胸蛋漢堡', 65.00, 475, 30.80, 18.00, 46.50, 0, 1),
(405, 75, '卡啦雞腿漢堡', 75.00, 650, 23.50, 38.50, 55.00, 0, 1),
(406, 75, '韓式脆雞漢堡', 80.00, 680, 24.20, 40.00, 58.50, 0, 1),
(407, 77, '巧克力吐司', 20.00, 215, 6.20, 7.50, 32.50, 1, 1),
(408, 77, '花生吐司', 20.00, 245, 8.50, 12.00, 31.00, 1, 1),
(409, 77, '奶油吐司', 20.00, 220, 5.80, 10.50, 28.50, 1, 1),
(410, 77, '草莓吐司', 20.00, 205, 5.80, 5.20, 36.50, 1, 1),
(411, 77, '椰香吐司', 20.00, 235, 6.00, 11.50, 30.50, 1, 1),
(412, 77, '香蒜吐司', 20.00, 230, 6.10, 11.20, 29.50, 1, 1),
(413, 77, '蜂蜜奶油吐司', 30.00, 240, 5.80, 10.80, 34.00, 1, 1),
(414, 78, '巧克力厚片', 25.00, 345, 9.50, 12.00, 52.50, 1, 1),
(415, 78, '花生厚片', 25.00, 385, 12.50, 18.50, 49.50, 1, 1),
(416, 78, '奶油厚片', 25.00, 340, 9.20, 16.50, 46.50, 1, 1),
(417, 78, '草莓厚片', 25.00, 320, 9.20, 8.50, 58.50, 1, 1),
(418, 78, '椰香厚片', 25.00, 365, 9.40, 18.00, 48.50, 1, 1),
(419, 78, '香蒜厚片', 25.00, 355, 9.50, 17.50, 47.50, 1, 1),
(420, 78, '蜂蜜奶油厚片', 35.00, 370, 9.20, 16.80, 54.00, 1, 1),
(421, 79, '巧克力乳酪餅', 35.00, 425, 9.20, 23.50, 45.50, 1, 1),
(422, 79, '花生乳酪餅', 35.00, 455, 11.50, 28.00, 42.50, 1, 1),
(423, 79, '奶油乳酪餅', 35.00, 420, 8.80, 26.50, 39.50, 1, 1),
(424, 79, '草莓乳酪餅', 35.00, 405, 8.80, 21.20, 48.00, 1, 1),
(425, 79, '椰香乳酪餅', 35.00, 445, 9.00, 27.50, 43.50, 1, 1),
(426, 79, '香蒜乳酪餅', 35.00, 440, 9.10, 27.20, 41.50, 1, 1);

-- --------------------------------------------------------

--
-- 資料表結構 `meatorigins`
--

CREATE TABLE `meatorigins` (
  `origin_id` int(11) NOT NULL,
  `r_id` int(11) NOT NULL,
  `meat_type` varchar(100) NOT NULL,
  `country` varchar(100) NOT NULL
) ENGINE=InnoDB DEFAULT CHARSET=utf8mb4 COLLATE=utf8mb4_unicode_ci;

--
-- 傾印資料表的資料 `meatorigins`
--

INSERT INTO `meatorigins` (`origin_id`, `r_id`, `meat_type`, `country`) VALUES
(1, 1, '豬肉含內臟', '臺灣'),
(2, 1, '照燒豬', '臺灣、加拿大、丹麥'),
(3, 1, '培根系列', '臺灣、加拿大、丹麥'),
(4, 1, '牛肉', '巴拉圭、紐西蘭'),
(5, 3, '豬肉含內臟', '臺灣'),
(6, 3, '豬油', '臺灣'),
(7, 8, '豬肉', '巴拉圭'),
(8, 8, '牛肉', '巴拉圭、紐西蘭');

-- --------------------------------------------------------

--
-- 資料表結構 `permissions`
--

CREATE TABLE `permissions` (
  `role_id` int(11) NOT NULL,
  `role` varchar(20) NOT NULL,
  `p_record` tinyint(1) DEFAULT 0,
  `p_comment` tinyint(1) DEFAULT 0,
  `p_manage` tinyint(1) DEFAULT 0,
  `p_audit` tinyint(1) DEFAULT 0,
  `system_permissions` text DEFAULT NULL
) ENGINE=InnoDB DEFAULT CHARSET=utf8mb4 COLLATE=utf8mb4_unicode_ci;

--
-- 傾印資料表的資料 `permissions`
--

INSERT INTO `permissions` (`role_id`, `role`, `p_record`, `p_comment`, `p_manage`, `p_audit`, `system_permissions`) VALUES
(1, 'admin', 1, 1, 1, 1, '最高權限：審核公共/店家評論、處理報錯、管理所有資料'),
(2, 'staff', 0, 0, 1, 0, '營運者：更新菜單價格、發布公告、觀看自家評論'),
(3, 'student', 1, 1, 0, 0, '核心用戶：紀錄攝取量、設定目標、參與實名評論'),
(4, 'visitor', 0, 0, 0, 0, '僅能操作計算機與轉盤，無法儲存資料或評論');

-- --------------------------------------------------------

--
-- 資料表結構 `restaurants`
--

CREATE TABLE `restaurants` (
  `r_id` int(11) NOT NULL,
  `name` varchar(50) NOT NULL,
  `location` varchar(20) NOT NULL,
  `description` text DEFAULT NULL,
  `image_url` varchar(255) DEFAULT 'default.jpg'
) ENGINE=InnoDB DEFAULT CHARSET=utf8mb4 COLLATE=utf8mb4_unicode_ci;

--
-- 傾印資料表的資料 `restaurants`
--

INSERT INTO `restaurants` (`r_id`, `name`, `location`, `description`, `image_url`) VALUES
(1, '巧瑋鬆餅屋', '心園', '甜味鬆餅、黑可可系列、鹹味鬆餅', '1.jpg'),
(2, '心園麵店', '心園', '麵食、飯類、水餃、湯品、滷味', '2.jpg'),
(3, '心園自助餐', '心園', '自助餐、主食、肉類、蔬菜、蛋白質料理', '3.jpg'),
(4, '辛蔬料理', '理園', '素食、咖哩飯、義大利麵、乾麵', '4.jpg'),
(5, '澳門華記', '理園', '港式燒臘、雙拼飯、牛河、特色料理', '5.jpg'),
(6, '娃子早餐店 (WAZI)', '理園', '早餐、漢堡、蛋餅、吐司、鐵板麵', '6.jpg'),
(7, 'Hey!覓朵朵 舒芙蕾', '理園', '舒芙蕾、甜點、飯捲', '7.jpg'),
(8, '豪客來牛排', '理園', '牛排、排餐、鐵板麵、雙拼', '8.jpg'),
(9, '阿珠媽', '理園', '韓式料理、韓式泡麵、便當、鍋物', '9.jpg'),
(10, '熊賀炒飯', '理園', '炒飯、炒麵、牛肉、豬肉、海鮮', '10.jpg'),
(11, '食福簡餐炒飯專賣', '輔園', '炒飯套餐、涼麵、湯品', '11.jpg'),
(12, '深川味私房小館', '輔園', '川菜、麻辣料理、牛肉飯、鴨血', '12.jpg'),
(13, '埃及教父', '輔園', '沙威瑪、捲餅、雞肉飯、異國料理', '13.jpg'),
(14, '八方雲集', '輔園', '鍋貼、水餃、麵食、湯品', '14.jpg'),
(15, '奇奇海南雞飯', '輔園', '海南雞飯、雞肉料理、套餐', '15.jpg'),
(16, '新羅韓國料理', '輔園', '韓式料理、烤肉、拌飯、鍋物', '16.jpg'),
(17, '雲瀚哨子麵、咖哩飯', '輔園', '哨子麵、咖哩飯、套餐', '17.jpg'),
(18, '新東家早餐滷味', '輔園', '早餐、蛋餅、吐司、滷味', '18.jpg'),
(19, '瑪納社企 CAFÉ', '輔園', '簡餐、雞肉、豬肉、蔬食、咖啡', '19.jpg');

--
-- 已傾印資料表的索引
--

--
-- 資料表索引 `accounts`
--
ALTER TABLE `accounts`
  ADD PRIMARY KEY (`u_id`),
  ADD UNIQUE KEY `accounts` (`accounts`),
  ADD UNIQUE KEY `google_id` (`google_id`),
  ADD UNIQUE KEY `email` (`email`),
  ADD KEY `fk_acc_role` (`role_id`),
  ADD KEY `fk_acc_res` (`r_id`);

--
-- 資料表索引 `bugreports`
--
ALTER TABLE `bugreports`
  ADD PRIMARY KEY (`report_id`),
  ADD KEY `fk_report_user` (`u_id`),
  ADD KEY `fk_report_item` (`item_id`);

--
-- 資料表索引 `categories`
--
ALTER TABLE `categories`
  ADD PRIMARY KEY (`c_id`),
  ADD KEY `fk_restaurant` (`r_id`);

--
-- 資料表索引 `comments`
--
ALTER TABLE `comments`
  ADD PRIMARY KEY (`com_id`),
  ADD KEY `fk_comments_user` (`u_id`),
  ADD KEY `fk_comments_item` (`item_id`);

--
-- 資料表索引 `consumptionlogs`
--
ALTER TABLE `consumptionlogs`
  ADD PRIMARY KEY (`log_id`),
  ADD KEY `fk_log_user` (`u_id`),
  ADD KEY `fk_log_item` (`item_id`);

--
-- 資料表索引 `favorites`
--
ALTER TABLE `favorites`
  ADD PRIMARY KEY (`u_id`,`item_id`),
  ADD KEY `fk_fav_item` (`item_id`);

--
-- 資料表索引 `items`
--
ALTER TABLE `items`
  ADD PRIMARY KEY (`item_id`);

--
-- 資料表索引 `meatorigins`
--
ALTER TABLE `meatorigins`
  ADD PRIMARY KEY (`origin_id`),
  ADD KEY `fk_origin_res` (`r_id`);

--
-- 資料表索引 `permissions`
--
ALTER TABLE `permissions`
  ADD PRIMARY KEY (`role_id`);

--
-- 資料表索引 `restaurants`
--
ALTER TABLE `restaurants`
  ADD PRIMARY KEY (`r_id`);

--
-- 在傾印的資料表使用自動遞增(AUTO_INCREMENT)
--

--
-- 使用資料表自動遞增(AUTO_INCREMENT) `accounts`
--
ALTER TABLE `accounts`
  MODIFY `u_id` int(11) NOT NULL AUTO_INCREMENT, AUTO_INCREMENT=10;

--
-- 使用資料表自動遞增(AUTO_INCREMENT) `bugreports`
--
ALTER TABLE `bugreports`
  MODIFY `report_id` int(11) NOT NULL AUTO_INCREMENT, AUTO_INCREMENT=3;

--
-- 使用資料表自動遞增(AUTO_INCREMENT) `categories`
--
ALTER TABLE `categories`
  MODIFY `c_id` int(11) NOT NULL AUTO_INCREMENT, AUTO_INCREMENT=82;

--
-- 使用資料表自動遞增(AUTO_INCREMENT) `comments`
--
ALTER TABLE `comments`
  MODIFY `com_id` int(11) NOT NULL AUTO_INCREMENT, AUTO_INCREMENT=97;

--
-- 使用資料表自動遞增(AUTO_INCREMENT) `consumptionlogs`
--
ALTER TABLE `consumptionlogs`
  MODIFY `log_id` int(11) NOT NULL AUTO_INCREMENT, AUTO_INCREMENT=22;

--
-- 使用資料表自動遞增(AUTO_INCREMENT) `items`
--
ALTER TABLE `items`
  MODIFY `item_id` int(11) NOT NULL AUTO_INCREMENT, AUTO_INCREMENT=427;

--
-- 使用資料表自動遞增(AUTO_INCREMENT) `meatorigins`
--
ALTER TABLE `meatorigins`
  MODIFY `origin_id` int(11) NOT NULL AUTO_INCREMENT, AUTO_INCREMENT=9;

--
-- 使用資料表自動遞增(AUTO_INCREMENT) `restaurants`
--
ALTER TABLE `restaurants`
  MODIFY `r_id` int(11) NOT NULL AUTO_INCREMENT, AUTO_INCREMENT=20;

--
-- 已傾印資料表的限制式
--

--
-- 資料表的限制式 `accounts`
--
ALTER TABLE `accounts`
  ADD CONSTRAINT `fk_acc_res` FOREIGN KEY (`r_id`) REFERENCES `restaurants` (`r_id`),
  ADD CONSTRAINT `fk_acc_role` FOREIGN KEY (`role_id`) REFERENCES `permissions` (`role_id`);

--
-- 資料表的限制式 `bugreports`
--
ALTER TABLE `bugreports`
  ADD CONSTRAINT `fk_report_item` FOREIGN KEY (`item_id`) REFERENCES `items` (`item_id`) ON DELETE SET NULL,
  ADD CONSTRAINT `fk_report_user` FOREIGN KEY (`u_id`) REFERENCES `accounts` (`u_id`) ON DELETE CASCADE;

--
-- 資料表的限制式 `categories`
--
ALTER TABLE `categories`
  ADD CONSTRAINT `fk_restaurant` FOREIGN KEY (`r_id`) REFERENCES `restaurants` (`r_id`) ON DELETE CASCADE ON UPDATE CASCADE;

--
-- 資料表的限制式 `comments`
--
ALTER TABLE `comments`
  ADD CONSTRAINT `fk_comments_item` FOREIGN KEY (`item_id`) REFERENCES `items` (`item_id`) ON DELETE CASCADE,
  ADD CONSTRAINT `fk_comments_user` FOREIGN KEY (`u_id`) REFERENCES `accounts` (`u_id`) ON DELETE CASCADE;

--
-- 資料表的限制式 `consumptionlogs`
--
ALTER TABLE `consumptionlogs`
  ADD CONSTRAINT `fk_log_item` FOREIGN KEY (`item_id`) REFERENCES `items` (`item_id`),
  ADD CONSTRAINT `fk_log_user` FOREIGN KEY (`u_id`) REFERENCES `accounts` (`u_id`) ON DELETE CASCADE;

--
-- 資料表的限制式 `favorites`
--
ALTER TABLE `favorites`
  ADD CONSTRAINT `fk_fav_item` FOREIGN KEY (`item_id`) REFERENCES `items` (`item_id`) ON DELETE CASCADE,
  ADD CONSTRAINT `fk_fav_user` FOREIGN KEY (`u_id`) REFERENCES `accounts` (`u_id`) ON DELETE CASCADE;

--
-- 資料表的限制式 `meatorigins`
--
ALTER TABLE `meatorigins`
  ADD CONSTRAINT `fk_origin_res` FOREIGN KEY (`r_id`) REFERENCES `restaurants` (`r_id`) ON DELETE CASCADE;
COMMIT;

/*!40101 SET CHARACTER_SET_CLIENT=@OLD_CHARACTER_SET_CLIENT */;
/*!40101 SET CHARACTER_SET_RESULTS=@OLD_CHARACTER_SET_RESULTS */;
/*!40101 SET COLLATION_CONNECTION=@OLD_COLLATION_CONNECTION */;
