-- phpMyAdmin SQL Dump
-- version 5.2.1
-- https://www.phpmyadmin.net/
--
-- 主機： 127.0.0.1:3307
-- 產生時間： 2026-04-20 20:55:20
-- 伺服器版本： 10.4.32-MariaDB
-- PHP 版本： 8.2.12

SET SQL_MODE = "NO_AUTO_VALUE_ON_ZERO";
START TRANSACTION;
SET time_zone = "+00:00";


/*!40101 SET @OLD_CHARACTER_SET_CLIENT=@@CHARACTER_SET_CLIENT */;
/*!40101 SET @OLD_CHARACTER_SET_RESULTS=@@CHARACTER_SET_RESULTS */;
/*!40101 SET @OLD_COLLATION_CONNECTION=@@COLLATION_CONNECTION */;
/*!40101 SET NAMES utf8mb4 */;

--
-- 資料庫： `system project`
--

-- --------------------------------------------------------

--
-- 資料表結構 `accounts`
--

CREATE TABLE `accounts` (
  `u_id` int(11) NOT NULL,
  `name` varchar(50) NOT NULL,
  `accounts` varchar(50) NOT NULL,
  `password` varchar(255) NOT NULL,
  `role_id` int(11) NOT NULL,
  `r_id` int(11) DEFAULT NULL,
  `created_at` timestamp NOT NULL DEFAULT current_timestamp()
) ENGINE=InnoDB DEFAULT CHARSET=utf8mb4 COLLATE=utf8mb4_unicode_ci;

--
-- 傾印資料表的資料 `accounts`
--

INSERT INTO `accounts` (`u_id`, `name`, `accounts`, `password`, `role_id`, `r_id`, `created_at`) VALUES
(1, '管理員', 'admin', '123', 1, NULL, '2026-04-10 14:31:39'),
(2, '店員', 'staff', '456', 2, 2, '2026-04-10 14:31:39'),
(3, '學生A', '411401020', '789', 3, NULL, '2026-04-10 14:31:39'),
(4, '學生B', '411401021', 'xyz', 3, NULL, '2026-04-10 14:31:39');

-- --------------------------------------------------------

--
-- 資料表結構 `categories`
--

CREATE TABLE `categories` (
  `c_id` int(11) NOT NULL,
  `r_id` int(11) NOT NULL,
  `cat_name` varchar(50) NOT NULL
) ENGINE=InnoDB DEFAULT CHARSET=utf8mb4 COLLATE=utf8mb4_unicode_ci;

--
-- 傾印資料表的資料 `categories`
--

INSERT INTO `categories` (`c_id`, `r_id`, `cat_name`) VALUES
(1, 1, '甜味鬆餅'),
(2, 1, '黑可可系列'),
(3, 1, '鹹味鬆餅'),
(4, 2, '麵食類'),
(5, 2, '飯/水餃'),
(6, 2, '湯品'),
(7, 2, '滷味小菜'),
(8, 3, '主食類'),
(9, 3, '主菜肉類'),
(10, 3, '蛋豆類'),
(11, 3, '蔬菜類'),
(12, 4, '咖哩系列'),
(13, 4, '義式系列'),
(14, 4, '麵系列'),
(15, 4, '單點系列'),
(16, 5, '招牌飯類'),
(17, 5, '熱門雙拼'),
(18, 5, '特色料理'),
(19, 6, '超值套餐'),
(20, 6, '蛋餅/吐司'),
(21, 6, '鐵板麵'),
(22, 6, '單點小吃'),
(23, 7, '經典/基本'),
(24, 7, '風味系列'),
(25, 7, '飯捲系列'),
(26, 8, '經典麵/飯'),
(27, 8, '單拼排餐'),
(28, 8, '雙拼系列'),
(29, 9, '招牌特餐'),
(30, 9, '限量便當'),
(31, 9, '現煮麵'),
(32, 9, '鍋物'),
(33, 9, '小菜'),
(34, 9, '飲料'),
(35, 10, '特色炒飯'),
(36, 10, '經典炒飯'),
(37, 10, '素食區'),
(38, 10, '炒麵類'),
(39, 11, '今日特餐'),
(40, 11, '新口味'),
(41, 11, '炒飯套餐'),
(42, 11, '涼麵/湯品'),
(43, 12, '私房小館'),
(44, 12, '配餐項目'),
(45, 13, '沙威瑪/捲餅類'),
(46, 13, '飽足飯類'),
(47, 13, '炸物/小點'),
(48, 14, '招牌鍋貼'),
(49, 14, '水餃類'),
(50, 14, '麵食/抄手'),
(51, 14, '湯品類'),
(52, 14, '湯餃類'),
(53, 15, '招牌套餐'),
(54, 15, '輕量選擇'),
(55, 15, '單點/湯品'),
(56, 16, '烤肉系列'),
(57, 16, '鍋類/湯類'),
(58, 16, '年糕系列'),
(59, 16, '特餐'),
(60, 17, '單點主食'),
(61, 17, '超值套餐'),
(62, 17, '湯品類'),
(63, 18, '經典蛋餅'),
(64, 18, '吐司/漢堡'),
(65, 18, '抹醬系列'),
(66, 18, '義大利麵'),
(67, 18, '肉類'),
(68, 18, '豆製品'),
(69, 18, '蛋/小類'),
(70, 18, '主食類'),
(71, 19, '蔬食'),
(72, 19, '豬肉'),
(73, 19, '雞肉'),
(74, 19, '海鮮');

-- --------------------------------------------------------

--
-- 資料表結構 `comments`
--

CREATE TABLE `comments` (
  `com_id` int(11) NOT NULL,
  `u_id` int(11) NOT NULL,
  `item_id` int(11) NOT NULL,
  `content` text NOT NULL,
  `rating` tinyint(1) NOT NULL,
  `status` tinyint(1) NOT NULL DEFAULT 0,
  `created_at` timestamp NOT NULL DEFAULT current_timestamp()
) ENGINE=InnoDB DEFAULT CHARSET=utf8mb4 COLLATE=utf8mb4_general_ci;

--
-- 傾印資料表的資料 `comments`
--

INSERT INTO `comments` (`com_id`, `u_id`, `item_id`, `content`, `rating`, `status`, `created_at`) VALUES
(1, 3, 101, '這家的蛋餅皮非常酥脆，起士給得很大方，推！', 5, 1, '2026-04-20 18:45:33'),
(2, 4, 205, '牛肉飯的味道不錯，但份量對男生來說稍微有點少。', 3, 0, '2026-04-20 18:45:33');

-- --------------------------------------------------------

--
-- 資料表結構 `consumptionlogs`
--

CREATE TABLE `consumptionlogs` (
  `log_id` int(11) NOT NULL,
  `u_id` int(11) NOT NULL,
  `item_id` int(11) NOT NULL,
  `daily_meal` tinyint(1) NOT NULL,
  `total_calories` int(11) DEFAULT 0,
  `recorded_at` datetime DEFAULT current_timestamp()
) ENGINE=InnoDB DEFAULT CHARSET=utf8mb4 COLLATE=utf8mb4_general_ci;

--
-- 傾印資料表的資料 `consumptionlogs`
--

INSERT INTO `consumptionlogs` (`log_id`, `u_id`, `item_id`, `daily_meal`, `total_calories`, `recorded_at`) VALUES
(1, 3, 52, 1, 450, '2026-04-21 02:46:52'),
(2, 4, 101, 2, 900, '2026-04-21 02:46:52');

-- --------------------------------------------------------

--
-- 資料表結構 `items`
--

CREATE TABLE `items` (
  `item_id` int(11) NOT NULL,
  `c_id` int(11) NOT NULL,
  `name` varchar(150) NOT NULL,
  `price` decimal(10,2) NOT NULL DEFAULT 0.00,
  `calories` int(11) DEFAULT NULL,
  `protein` decimal(5,2) DEFAULT NULL,
  `is_vegetarian` tinyint(1) DEFAULT 0
) ENGINE=InnoDB DEFAULT CHARSET=utf8mb4 COLLATE=utf8mb4_general_ci;

--
-- 傾印資料表的資料 `items`
--

INSERT INTO `items` (`item_id`, `c_id`, `name`, `price`, `calories`, `protein`, `is_vegetarian`) VALUES
(1, 1, '蜂蜜鬆餅', 50.00, 320, 5.00, 1),
(2, 1, '焦糖鬆餅', 50.00, 330, 5.00, 1),
(3, 1, '抹茶鬆餅', 50.00, 310, 5.00, 1),
(4, 1, '椰香鬆餅', 55.00, 350, 5.50, 1),
(5, 1, '花生鬆餅', 55.00, 380, 8.00, 1),
(6, 1, '奶油鬆餅', 55.00, 360, 5.00, 1),
(7, 1, '草莓鬆餅', 55.00, 320, 5.00, 1),
(8, 1, '藍莓鬆餅', 55.00, 320, 5.00, 1),
(9, 1, '巧克力鬆餅', 60.00, 350, 6.00, 1),
(10, 1, '芝麻鬆餅', 60.00, 370, 7.00, 1),
(11, 1, '芋頭泥鬆餅', 60.00, 380, 6.00, 1),
(12, 1, '鮮奶油鬆餅', 60.00, 420, 5.50, 1),
(13, 1, '卡士達鬆餅', 70.00, 450, 7.00, 1),
(14, 2, '蜂蜜黑可可', 55.00, 340, 6.00, 1),
(15, 2, '藍莓黑可可', 60.00, 340, 6.00, 1),
(16, 2, '巧克力黑可可', 65.00, 370, 7.00, 1),
(17, 2, '黑可可鮮奶油', 65.00, 440, 6.50, 1),
(18, 2, '黑可可卡士達', 75.00, 470, 8.00, 1),
(19, 2, '藍莓乳酪', 85.00, 480, 10.00, 1),
(20, 2, '藍莓乳酪+黑腹豆豆', 95.00, 520, 11.00, 1),
(21, 2, '冰淇淋黑可可', 95.00, 550, 8.00, 1),
(22, 3, '玉米起司蔬菜', 65.00, 380, 12.00, 1),
(23, 3, '鮪魚鬆餅', 70.00, 420, 18.00, 0),
(24, 3, '培根鬆餅', 70.00, 450, 15.00, 0),
(25, 3, '燻雞鬆餅', 70.00, 410, 22.00, 0),
(26, 3, '勁辣雞鬆餅', 70.00, 550, 20.00, 0),
(27, 3, '紐奧良雞鬆餅', 70.00, 520, 21.00, 0),
(28, 3, '德州烤雞腿', 85.00, 580, 25.00, 0),
(29, 3, '椒麻雞鬆餅', 85.00, 600, 24.00, 0),
(30, 3, '厚切沙朗牛肉', 90.00, 620, 28.00, 0),
(31, 4, '乾麵', 35.00, 350, 10.00, 0),
(32, 4, '陽春麵', 35.00, 300, 8.00, 0),
(33, 4, '客家板條', 35.00, 320, 7.00, 0),
(34, 4, '意麵', 35.00, 380, 9.00, 0),
(35, 4, '肉燥拉麵', 35.00, 420, 12.00, 0),
(36, 4, '榨菜肉絲乾麵', 40.00, 400, 14.00, 0),
(37, 4, '肉羹麵', 45.00, 480, 15.00, 0),
(38, 4, '餛飩麵', 50.00, 450, 18.00, 0),
(39, 4, '當歸鴨麵線', 55.00, 450, 20.00, 0),
(40, 5, '滷肉飯', 30.00, 450, 10.00, 0),
(41, 5, '水餃(5個)', 25.00, 250, 10.00, 0),
(42, 5, '咖哩雞肉燴飯', 50.00, 650, 22.00, 0),
(43, 5, '蠔油豬肉燴飯', 60.00, 620, 20.00, 0),
(44, 5, '紅燒牛肉燴飯', 70.00, 700, 25.00, 0),
(45, 6, '貢丸湯', 25.00, 150, 8.00, 0),
(46, 6, '魚丸湯', 25.00, 120, 7.00, 0),
(47, 6, '粉腸湯', 25.00, 180, 12.00, 0),
(48, 6, '燙青菜', 25.00, 80, 2.00, 1),
(49, 6, '肝連湯', 35.00, 160, 15.00, 0),
(50, 6, '當歸鴨湯', 45.00, 250, 18.00, 0),
(51, 7, '滷蛋', 10.00, 75, 7.00, 1),
(52, 7, '油豆腐', 10.00, 80, 5.00, 1),
(53, 7, '百頁', 10.00, 90, 6.00, 1),
(54, 7, '蘭花干', 10.00, 70, 4.00, 1),
(55, 7, '米血糕', 10.00, 120, 2.00, 1),
(56, 7, '豆包', 10.00, 100, 8.00, 1),
(57, 7, '素雞', 15.00, 80, 7.00, 1),
(58, 8, '白飯(一碗)', 10.00, 280, 6.00, 1),
(59, 8, '白飯(半碗)', 5.00, 140, 3.00, 1),
(60, 8, '炸蘿蔔糕', 20.00, 202, 4.00, 1),
(61, 8, '螞蟻上樹', 20.00, 241, 5.00, 0),
(62, 9, '炸雞排', 0.00, 317, 22.00, 0),
(63, 9, '滷雞腿', 0.00, 230, 26.00, 0),
(64, 9, '白切雞', 0.00, 200, 24.00, 0),
(65, 9, '卡拉雞腿', 0.00, 239, 16.00, 0),
(66, 9, '紅燒肉/糖醋排骨', 0.00, 400, 20.00, 0),
(67, 9, '漢堡排/鹹酥雞', 0.00, 325, 17.50, 0),
(68, 9, '荷包蛋', 12.50, 100, 7.00, 1),
(69, 10, '皮蛋豆腐', 30.00, 165, 14.00, 1),
(70, 10, '炸豆腐/麻婆豆腐', 0.00, 225, 12.50, 1),
(71, 10, '絞肉蒸蛋/番茄炒蛋', 0.00, 130, 10.00, 0),
(72, 10, '豬耳朵/豆干/炸豆皮', 0.00, 150, 11.50, 0),
(73, 11, '花椰菜/豆芽菜', 0.00, 35, 2.00, 1),
(74, 11, '炒高麗菜/炒菠菜', 0.00, 70, 1.00, 1),
(75, 11, '豌豆/炒乾絲紅蘿蔔', 0.00, 65, 4.00, 1),
(76, 11, '南瓜', 0.00, 70, 1.00, 1),
(77, 12, '超值咖哩飯(大)', 100.00, 572, 15.00, 1),
(78, 12, '元氣咖哩飯(小)', 90.00, 476, 12.00, 1),
(79, 12, '咖哩乾拌麵', 60.00, 462, 10.00, 1),
(80, 13, '野菇番茄義大利麵', 115.00, 695, 18.00, 1),
(81, 13, '奶油鮮蔬義大利麵', 115.00, 710, 16.00, 1),
(82, 14, '椒香麻醬麵', 70.00, 530, 13.00, 1),
(83, 14, '招牌麻醬麵', 60.00, 515, 13.00, 1),
(84, 15, '荷包蛋/滷蛋', 15.00, 95, 7.00, 1),
(85, 15, '芝心蛋', 20.00, 79, 6.00, 1),
(86, 16, '華記招牌飯', 100.00, 850, 35.00, 0),
(87, 16, '蜜汁叉燒飯', 85.00, 780, 28.00, 0),
(88, 16, '玫瑰油雞飯', 85.00, 720, 30.00, 0),
(89, 16, '明爐燒鴨飯', 90.00, 820, 25.00, 0),
(90, 17, '叉燒油雞飯', 95.00, 750, 29.00, 0),
(91, 17, '燒鴨燒肉飯', 100.00, 880, 28.00, 0),
(92, 18, '特色澳門葡汁雞腿飯', 95.00, 850, 32.00, 0),
(93, 18, '滑蛋牛肉飯', 90.00, 650, 25.00, 0),
(94, 18, '乾炒牛河', 100.00, 700, 22.00, 0),
(95, 19, '1號餐:卡拉雞腿堡', 70.00, 550, 20.00, 0),
(96, 19, '2-5號餐:香雞/火腿/薯餅/豬排', 47.50, 440, 15.00, 0),
(97, 19, '6號餐:鐵板麵+香雞片+蛋', 65.00, 620, 18.00, 0),
(98, 20, '起司蛋/肉鬆蛋/火腿蛋', 40.00, 375, 12.00, 1),
(99, 20, '嫩煎雞胸蛋/卡拉雞腿', 67.50, 525, 25.00, 0),
(100, 21, '蘑菇/黑胡椒鐵板麵', 50.00, 450, 10.00, 1),
(101, 21, '打拋豬/三杯雞鐵板麵', 60.00, 500, 15.00, 0),
(102, 22, '蘿蔔糕/薯條/炸餃', 37.50, 300, 8.00, 1),
(103, 23, '經典原味舒芙蕾', 95.00, 350, 8.00, 1),
(104, 23, '巧克力/抹茶舒芙蕾', 100.00, 380, 8.00, 1),
(105, 24, 'OREO 歐嚕嚕舒芙蕾', 125.00, 450, 9.00, 1),
(106, 24, '紅豆抹茶舒芙蕾', 125.00, 460, 10.00, 1),
(107, 24, '黑糖珍珠舒芙蕾', 150.00, 520, 9.00, 1),
(108, 24, '蜂蜜酥脆穀片舒芙蕾', 150.00, 480, 10.00, 1),
(109, 24, '抹茶歐蕾珍珠舒芙蕾', 150.00, 540, 10.00, 1),
(110, 24, '邪惡海鹽焦糖舒芙蕾', 150.00, 500, 8.00, 1),
(111, 24, '莓果繽紛派對舒芙蕾', 180.00, 450, 8.00, 1),
(112, 25, '肉鬆飯捲', 50.00, 380, 9.00, 0),
(113, 25, '日式金平飯捲', 50.00, 350, 7.00, 1),
(114, 25, '脆脆飯捲', 60.00, 400, 8.00, 1),
(115, 25, '辣味飯捲', 60.00, 420, 10.00, 0),
(116, 25, '燻雞飯捲', 65.00, 430, 15.00, 0),
(117, 25, '鮪魚飯捲', 65.00, 410, 14.00, 0),
(118, 25, '鮭魚飯捲', 70.00, 440, 16.00, 0),
(119, 26, '鐵板麵', 80.00, 550, 12.00, 1),
(120, 26, '鐵板豬肉飯', 100.00, 750, 25.00, 0),
(121, 26, '鐵板牛肉飯', 110.00, 780, 28.00, 0),
(122, 27, '特製牛排', 150.00, 700, 35.00, 0),
(123, 27, '特製豬排', 150.00, 680, 32.00, 0),
(124, 27, '雞腿排', 160.00, 650, 38.00, 0),
(125, 27, '鱈魚排', 180.00, 600, 25.00, 0),
(126, 27, '沙朗牛排', 210.00, 850, 45.00, 0),
(127, 28, '牛+牛', 240.00, 1100, 70.00, 0),
(128, 28, '牛+豬', 240.00, 1050, 67.00, 0),
(129, 28, '牛+雞', 250.00, 1000, 73.00, 0),
(130, 28, '豬+雞', 250.00, 980, 70.00, 0),
(131, 29, '招牌牛肉飯(單點)', 130.00, 737, 32.50, 0),
(132, 29, '招牌牛肉飯(套餐)', 150.00, 850, 35.00, 0),
(133, 29, '招牌豬肉飯(單點)', 120.00, 737, 32.50, 0),
(134, 29, '招牌豬肉飯(套餐)', 140.00, 850, 35.00, 0),
(135, 29, '豬排海苔飯(單點)', 95.00, 666, 25.00, 0),
(136, 29, '豬排海苔飯(套餐)', 115.00, 750, 30.00, 0),
(137, 30, '炸排骨便當', 110.00, 750, 25.00, 0),
(138, 30, '炸魚排便當', 110.00, 650, 22.00, 0),
(139, 30, '炸雞排便當', 110.00, 780, 28.00, 0),
(140, 30, '炸雞胸肉便當', 110.00, 650, 32.00, 0),
(141, 30, '炸咔啦雞腿便當', 110.00, 780, 26.00, 0),
(142, 30, '炸紐奧良雞腿便當', 110.00, 750, 28.00, 0),
(143, 31, '海鮮拉麵(單點)', 95.00, 585, 25.00, 0),
(144, 31, '海鮮拉麵(套餐)', 115.00, 680, 28.00, 0),
(145, 31, '辛拉麵(單點)', 95.00, 550, 15.00, 0),
(146, 31, '辛拉麵(套餐)', 115.00, 650, 18.00, 0),
(147, 31, '泡菜拉麵(單點)', 95.00, 520, 22.00, 0),
(148, 31, '泡菜拉麵(套餐)', 115.00, 620, 25.00, 0),
(149, 31, '炒泡麵(單點)', 95.00, 620, 10.00, 0),
(150, 31, '炒泡麵(套餐)', 115.00, 720, 13.00, 0),
(151, 31, '炒烏龍(單點)', 95.00, 620, 18.00, 0),
(152, 31, '炒烏龍(套餐)', 115.00, 720, 21.00, 0),
(153, 31, '烏龍湯麵(單點)', 95.00, 483, 20.00, 0),
(154, 31, '烏龍湯麵(套餐)', 115.00, 583, 23.00, 0),
(155, 32, '泡菜豆腐鍋', 110.00, 520, 22.00, 0),
(156, 33, '海帶芽/白蘿蔔/泡菜', 40.00, 40, 1.50, 1),
(157, 33, '小黃瓜/雲耳/黃豆芽', 40.00, 40, 1.50, 1),
(158, 34, '可樂/雪碧/礦泉水', 15.00, 150, 0.00, 1),
(159, 34, '無糖綠茶', 20.00, 0, 0.00, 1),
(160, 34, '檸檬紅茶', 25.00, 120, 0.00, 1),
(161, 35, '臘肉蛋炒飯/櫻桃蝦蛋炒飯', 100.00, 750, 18.00, 0),
(162, 35, '鹹豬肉蛋炒飯/綜合蛋炒飯', 95.00, 780, 20.00, 0),
(163, 35, '蝦仁肉絲蛋炒飯/青椒牛肉蛋炒飯', 95.00, 720, 22.00, 0),
(164, 35, '沙茶牛肉蛋炒飯/泡菜牛肉蛋炒飯', 95.00, 750, 22.00, 0),
(165, 35, '青椒豬肉蛋炒飯/沙茶豬肉蛋炒飯', 90.00, 700, 20.00, 0),
(166, 35, '泡菜豬肉蛋炒飯/鳳梨蝦仁蛋炒飯', 90.00, 680, 18.00, 0),
(167, 35, '夏威夷蛋炒飯/菜脯香腸蛋炒飯', 87.50, 720, 16.00, 0),
(168, 36, '牛肉蛋炒飯', 85.00, 680, 22.00, 0),
(169, 36, '豬肉蛋炒飯/蝦仁蛋炒飯', 80.00, 650, 18.00, 0),
(170, 36, '香腸蛋炒飯/火腿玉米蛋炒飯', 80.00, 700, 15.00, 0),
(171, 36, '培根玉米蛋炒飯', 75.00, 720, 14.00, 0),
(172, 36, '無敵蛋炒飯', 60.00, 500, 12.00, 0),
(173, 37, '素肉蛋炒飯/蔬菜玉米蛋炒飯', 77.50, 550, 12.00, 1),
(174, 37, '鳳梨蛋炒飯', 75.00, 520, 10.00, 1),
(175, 38, '鹹豬肉炒麵', 100.00, 850, 20.00, 0),
(176, 38, '牛肉炒麵/豬肉炒麵', 82.50, 700, 22.00, 0),
(177, 38, '蝦仁炒麵', 80.00, 680, 18.00, 0),
(178, 39, '火腿蛋炒飯(特價)', 75.00, 700, 15.00, 0),
(179, 40, '夏威夷炒飯', 100.00, 720, 16.00, 0),
(180, 40, '羊肉炒飯', 100.00, 780, 22.00, 0),
(181, 41, '培根蛋炒飯', 80.00, 720, 14.00, 0),
(182, 41, '火腿蛋炒飯', 80.00, 700, 15.00, 0),
(183, 41, '肉絲蛋炒飯', 80.00, 680, 20.00, 0),
(184, 41, '泡菜肉絲蛋炒飯', 80.00, 720, 20.00, 0),
(185, 41, '雞肉絲蛋炒飯', 80.00, 650, 22.00, 0),
(186, 41, '養生素蛋炒飯', 80.00, 550, 12.00, 1),
(187, 41, '蝦仁蛋炒飯', 85.00, 650, 18.00, 0),
(188, 41, '香腸蛋炒飯', 85.00, 720, 15.00, 0),
(189, 42, '涼麵(大)', 55.00, 450, 12.00, 1),
(190, 42, '涼麵(小)', 45.00, 350, 9.00, 1),
(191, 42, '豆腐味噌湯', 20.00, 80, 6.00, 1),
(192, 43, '川滷牛雙寶飯', 120.00, 850, 35.00, 0),
(193, 43, '川香剁椒肉絲飯', 120.00, 780, 25.00, 0),
(194, 43, '川香口水雞飯', 120.00, 750, 30.00, 0),
(195, 43, '川味李莊白肉飯', 120.00, 820, 22.00, 0),
(196, 43, '群菇滑肉湯', 100.00, 450, 18.00, 0),
(197, 43, '麻辣鴨血臭豆腐', 100.00, 550, 20.00, 0),
(198, 44, '紅藜飯', 20.00, 280, 7.00, 1),
(199, 44, '乾拌冬粉/湯冬粉', 20.00, 180, 0.20, 1),
(200, 44, '王子麵', 20.00, 220, 4.60, 1),
(201, 44, '時蔬/金針菇/杏鮑菇', 30.00, 40, 1.50, 1),
(202, 44, '豬肉片', 30.00, 150, 12.00, 0),
(203, 44, '滷牛肉片', 40.00, 120, 15.00, 0),
(204, 45, '雞肉沙威瑪', 100.00, 450, 25.00, 0),
(205, 45, '蔬食捲餅', 65.00, 380, 12.00, 1),
(206, 45, '牛肉捲餅', 100.00, 500, 28.00, 0),
(207, 45, '沙威瑪雞肉捲', 100.00, 480, 26.00, 0),
(208, 46, '雞肉飯', 130.00, 750, 30.00, 0),
(209, 46, '牛肉飯', 130.00, 780, 32.00, 0),
(210, 46, '羊肉飯', 130.00, 800, 30.00, 0),
(211, 46, '綜合肉飯', 130.00, 820, 35.00, 0),
(212, 47, '雞塊(5塊)', 40.00, 250, 12.00, 0),
(213, 47, '薯條', 40.00, 320, 3.00, 1),
(214, 47, '埃及手作布丁', 40.00, 220, 5.00, 1),
(215, 47, '煉乳銀絲卷', 40.00, 350, 6.00, 1),
(216, 48, '招牌/韭菜/韓式辣味鍋貼', 7.00, 65, 2.50, 0),
(217, 48, '咖哩雞肉/玉米鍋貼', 7.00, 59, 2.50, 0),
(218, 48, '素食鍋貼', 7.50, 63, 2.50, 1),
(219, 49, '招牌/韭菜/韓式辣味水餃', 7.00, 55, 2.50, 0),
(220, 49, '玉米/咖哩雞肉水餃', 7.00, 53, 2.50, 0),
(221, 49, '素食水餃', 7.50, 53, 2.50, 1),
(222, 49, '鮮蝦水餃', 10.50, 60, 3.00, 0),
(223, 50, '乾拌麵', 55.00, 500, 10.00, 1),
(224, 50, '菜肉抄手', 65.00, 375, 12.00, 0),
(225, 51, '酸辣湯/玉米濃湯', 35.00, 175, 5.00, 0),
(226, 51, '旗魚花枝丸湯/蘿蔔湯', 35.00, 125, 4.00, 0),
(227, 52, '酸辣湯餃/玉米湯餃', 84.00, 575, 15.00, 0),
(228, 53, '白切雞飯', 120.00, 700, 35.00, 0),
(229, 53, '醬油雞飯', 120.00, 730, 35.00, 0),
(230, 53, '蔥油雞飯', 120.00, 780, 38.00, 0),
(231, 53, '香辣雞飯', 120.00, 780, 36.00, 0),
(232, 53, '暹羅雞飯', 120.00, 720, 32.00, 0),
(233, 53, '銷魂雞飯', 120.00, 740, 34.00, 0),
(234, 53, '惡魔雞飯', 120.00, 760, 35.00, 0),
(235, 54, '無菜肉飯', 100.00, 600, 30.00, 0),
(236, 55, '招牌雞肉湯', 100.00, 250, 20.00, 0),
(237, 55, '蘿蔔湯/雞肉清湯', 27.50, 65, 2.00, 0),
(238, 55, '奇奇鮮嫩雞腿肉', 80.00, 400, 28.00, 0),
(239, 56, '烤肉飯', 120.00, 737, 32.50, 0),
(240, 56, '烤肉湯麵', 120.00, 650, 30.00, 0),
(241, 56, '烤肉拌飯', 120.00, 737, 32.50, 0),
(242, 57, '海鮮豆腐辣湯', 110.00, 585, 25.00, 0),
(243, 57, '泡菜豆腐辣湯', 110.00, 520, 22.00, 0),
(244, 57, '泡菜豬肉鍋', 130.00, 905, 40.00, 0),
(245, 57, '海鮮鍋燒', 110.00, 483, 20.00, 0),
(246, 58, '年糕湯/辣炒年糕', 85.00, 562, 10.00, 0),
(247, 58, '辣炒年糕加麵', 85.00, 620, 10.00, 0),
(248, 59, '小豬拌飯', 100.00, 666, 25.00, 0),
(249, 60, '哨子湯麵(小)', 70.00, 550, 18.00, 0),
(250, 60, '哨子湯麵(大)', 85.00, 680, 22.00, 0),
(251, 60, '哨子乾麵/乾板條(小)', 70.00, 580, 18.00, 0),
(252, 60, '哨子乾麵/乾板條(大)', 85.00, 720, 22.00, 0),
(253, 60, '哨子飯', 70.00, 650, 20.00, 0),
(254, 60, '哨子烏龍麵', 95.00, 620, 18.00, 0),
(255, 60, '咖啡豬肉飯/哨子飯', 90.00, 750, 25.00, 0),
(256, 60, '咖哩乾拌麵/烏龍麵', 92.50, 625, 22.00, 1),
(257, 60, '咖哩板條', 90.00, 630, 20.00, 1),
(258, 61, '1號:哨子飯+綜合丸湯', 100.00, 850, 32.00, 0),
(259, 61, '2號:哨子乾麵+綜合丸湯', 100.00, 780, 30.00, 0),
(260, 61, '3號:咖哩豬肉飯+綜合丸湯', 120.00, 950, 37.00, 0),
(261, 61, '4號:哨子板條+綜合丸湯', 100.00, 830, 32.00, 0),
(262, 61, '5號:咖哩乾拌麵+綜合丸湯', 120.00, 800, 34.00, 0),
(263, 62, '綜合丸湯/貢丸湯', 35.00, 175, 10.00, 0),
(264, 62, '肉丸湯/鱈蝦丸湯', 35.00, 170, 10.00, 0),
(265, 63, '原味蛋餅', 30.00, 300, 12.00, 1),
(266, 63, '起司蛋餅', 40.00, 380, 18.00, 1),
(267, 63, '玉米蛋餅', 40.00, 400, 14.00, 1),
(268, 63, '豬排蛋餅', 50.00, 450, 25.00, 0),
(269, 63, '雞排蛋餅', 55.00, 520, 22.00, 0),
(270, 64, '煎蛋吐司', 30.00, 300, 12.00, 1),
(271, 64, '起司蛋吐司', 40.00, 380, 18.00, 1),
(272, 64, '豬排蛋吐司/漢堡', 50.00, 450, 25.00, 0),
(273, 64, '雞排蛋吐司/漢堡', 55.00, 500, 22.00, 0),
(274, 65, '巧克力/花生/草莓抹醬', 25.00, 280, 7.00, 1),
(275, 66, '蘑菇/黑胡椒義大利麵', 60.00, 650, 15.00, 1),
(276, 66, '奶油培根義大利麵', 65.00, 800, 20.00, 0),
(277, 67, '豬排骨/豬肉片', 30.00, 194, 20.50, 0),
(278, 67, '豬頭皮/豬肚', 30.00, 238, 15.80, 0),
(279, 68, '油豆腐/凍豆腐', 20.00, 18, 1.35, 1),
(280, 68, '百頁豆腐/豆皮', 20.00, 80, 6.25, 1),
(281, 69, '滷蛋', 15.00, 75, 7.00, 1),
(282, 69, '鴨血', 15.00, 17, 3.20, 0),
(283, 69, '水晶餃', 20.00, 52, 1.80, 0),
(284, 70, '王子麵/蒸煮麵', 17.50, 242, 6.40, 1),
(285, 70, '寬粉/粉絲', 20.00, 175, 0.20, 1),
(286, 71, '蔬食特餐', 90.00, 475, 13.50, 1),
(287, 72, '薑汁燒肉蓋飯', 100.00, 575, 23.50, 0),
(288, 72, '泰式打拋豬', 95.00, 605, 21.50, 0),
(289, 73, '海南雞', 95.00, 525, 26.50, 0),
(290, 73, '蔥油雞', 95.00, 545, 26.50, 0),
(291, 73, '香煎義式雞胸', 100.00, 505, 31.50, 0),
(292, 73, '蜜汁酥雞', 100.00, 675, 23.50, 0),
(293, 73, '蜂蜜韓式香酥雞', 100.00, 705, 23.50, 0),
(294, 74, '椒鹽魚排', 100.00, 575, 21.50, 0);

-- --------------------------------------------------------

--
-- 資料表結構 `permissions`
--

CREATE TABLE `permissions` (
  `role_id` int(11) NOT NULL,
  `role` varchar(20) NOT NULL,
  `p_record` tinyint(1) DEFAULT 0,
  `p_comment` tinyint(1) DEFAULT 0,
  `p_manage` tinyint(1) DEFAULT 0,
  `p_audit` tinyint(1) DEFAULT 0,
  `system_permissions` text DEFAULT NULL
) ENGINE=InnoDB DEFAULT CHARSET=utf8mb4 COLLATE=utf8mb4_unicode_ci;

--
-- 傾印資料表的資料 `permissions`
--

INSERT INTO `permissions` (`role_id`, `role`, `p_record`, `p_comment`, `p_manage`, `p_audit`, `system_permissions`) VALUES
(1, 'admin', 1, 1, 1, 1, '最高權限：審核公共/店家評論、處理報錯、管理所有資料'),
(2, 'staff', 0, 0, 1, 0, '營運者：更新菜單價格、發布公告、觀看自家評論'),
(3, 'student', 1, 1, 0, 0, '核心用戶：紀錄攝取量、設定目標、參與實名評論'),
(4, 'visitor', 0, 0, 0, 0, '僅能操作計算機與轉盤，無法儲存資料或評論');

-- --------------------------------------------------------

--
-- 資料表結構 `restaurants`
--

CREATE TABLE `restaurants` (
  `r_id` int(11) NOT NULL,
  `name` varchar(50) NOT NULL,
  `location` varchar(20) NOT NULL,
  `description` text DEFAULT NULL
) ENGINE=InnoDB DEFAULT CHARSET=utf8mb4 COLLATE=utf8mb4_unicode_ci;

--
-- 傾印資料表的資料 `restaurants`
--

INSERT INTO `restaurants` (`r_id`, `name`, `location`, `description`) VALUES
(1, '巧瑋鬆餅屋', '心園', '甜味鬆餅、黑可可系列、鹹味鬆餅'),
(2, '心園麵店', '心園', '麵食、飯類、水餃、湯品、滷味'),
(3, '心園自助餐', '心園', '自助餐、主食、肉類、蔬菜、蛋白質料理'),
(4, '辛蔬料理', '理園', '素食、咖哩飯、義大利麵、乾麵'),
(5, '澳門華記', '理園', '港式燒臘、雙拼飯、牛河、特色料理'),
(6, '娃子早餐店 (WAZI)', '理園', '早餐、漢堡、蛋餅、吐司、鐵板麵'),
(7, 'Hey!覓朵朵 舒芙蕾', '理園', '舒芙蕾、甜點、飯捲'),
(8, '豪客來牛排', '理園', '牛排、排餐、鐵板麵、雙拼'),
(9, '阿珠媽', '理園', '韓式料理、韓式泡麵、便當、鍋物'),
(10, '熊賀炒飯', '理園', '炒飯、炒麵、牛肉、豬肉、海鮮'),
(11, '食福簡餐炒飯專賣', '輔園', '炒飯套餐、涼麵、湯品'),
(12, '深川味私房小館', '輔園', '川菜、麻辣料理、牛肉飯、鴨血'),
(13, '埃及教父', '輔園', '沙威瑪、捲餅、雞肉飯、異國料理'),
(14, '八方雲集', '輔園', '鍋貼、水餃、麵食、湯品'),
(15, '奇奇海南雞飯', '輔園', '海南雞飯、雞肉料理、套餐'),
(16, '新羅韓國料理', '輔園', '韓式料理、烤肉、拌飯、鍋物'),
(17, '雲瀚哨子麵、咖哩飯', '輔園', '哨子麵、咖哩飯、套餐'),
(18, '新東家早餐滷味', '輔園', '早餐、蛋餅、吐司、滷味'),
(19, '瑪納社企 CAFÉ', '輔園', '簡餐、雞肉、豬肉、蔬食、咖啡');

--
-- 已傾印資料表的索引
--

--
-- 資料表索引 `accounts`
--
ALTER TABLE `accounts`
  ADD PRIMARY KEY (`u_id`),
  ADD UNIQUE KEY `accounts` (`accounts`),
  ADD KEY `fk_acc_role` (`role_id`),
  ADD KEY `fk_acc_res` (`r_id`);

--
-- 資料表索引 `categories`
--
ALTER TABLE `categories`
  ADD PRIMARY KEY (`c_id`),
  ADD KEY `fk_restaurant` (`r_id`);

--
-- 資料表索引 `comments`
--
ALTER TABLE `comments`
  ADD PRIMARY KEY (`com_id`),
  ADD KEY `fk_comments_user` (`u_id`),
  ADD KEY `fk_comments_item` (`item_id`);

--
-- 資料表索引 `consumptionlogs`
--
ALTER TABLE `consumptionlogs`
  ADD PRIMARY KEY (`log_id`),
  ADD KEY `fk_log_user` (`u_id`),
  ADD KEY `fk_log_item` (`item_id`);

--
-- 資料表索引 `items`
--
ALTER TABLE `items`
  ADD PRIMARY KEY (`item_id`);

--
-- 資料表索引 `permissions`
--
ALTER TABLE `permissions`
  ADD PRIMARY KEY (`role_id`);

--
-- 資料表索引 `restaurants`
--
ALTER TABLE `restaurants`
  ADD PRIMARY KEY (`r_id`);

--
-- 在傾印的資料表使用自動遞增(AUTO_INCREMENT)
--

--
-- 使用資料表自動遞增(AUTO_INCREMENT) `accounts`
--
ALTER TABLE `accounts`
  MODIFY `u_id` int(11) NOT NULL AUTO_INCREMENT, AUTO_INCREMENT=5;

--
-- 使用資料表自動遞增(AUTO_INCREMENT) `categories`
--
ALTER TABLE `categories`
  MODIFY `c_id` int(11) NOT NULL AUTO_INCREMENT, AUTO_INCREMENT=75;

--
-- 使用資料表自動遞增(AUTO_INCREMENT) `comments`
--
ALTER TABLE `comments`
  MODIFY `com_id` int(11) NOT NULL AUTO_INCREMENT, AUTO_INCREMENT=3;

--
-- 使用資料表自動遞增(AUTO_INCREMENT) `consumptionlogs`
--
ALTER TABLE `consumptionlogs`
  MODIFY `log_id` int(11) NOT NULL AUTO_INCREMENT, AUTO_INCREMENT=3;

--
-- 使用資料表自動遞增(AUTO_INCREMENT) `items`
--
ALTER TABLE `items`
  MODIFY `item_id` int(11) NOT NULL AUTO_INCREMENT, AUTO_INCREMENT=295;

--
-- 使用資料表自動遞增(AUTO_INCREMENT) `restaurants`
--
ALTER TABLE `restaurants`
  MODIFY `r_id` int(11) NOT NULL AUTO_INCREMENT, AUTO_INCREMENT=20;

--
-- 已傾印資料表的限制式
--

--
-- 資料表的限制式 `accounts`
--
ALTER TABLE `accounts`
  ADD CONSTRAINT `fk_acc_res` FOREIGN KEY (`r_id`) REFERENCES `restaurants` (`r_id`),
  ADD CONSTRAINT `fk_acc_role` FOREIGN KEY (`role_id`) REFERENCES `permissions` (`role_id`);

--
-- 資料表的限制式 `categories`
--
ALTER TABLE `categories`
  ADD CONSTRAINT `fk_restaurant` FOREIGN KEY (`r_id`) REFERENCES `restaurants` (`r_id`) ON DELETE CASCADE ON UPDATE CASCADE;

--
-- 資料表的限制式 `comments`
--
ALTER TABLE `comments`
  ADD CONSTRAINT `fk_comments_item` FOREIGN KEY (`item_id`) REFERENCES `items` (`item_id`) ON DELETE CASCADE,
  ADD CONSTRAINT `fk_comments_user` FOREIGN KEY (`u_id`) REFERENCES `accounts` (`u_id`) ON DELETE CASCADE;

--
-- 資料表的限制式 `consumptionlogs`
--
ALTER TABLE `consumptionlogs`
  ADD CONSTRAINT `fk_log_item` FOREIGN KEY (`item_id`) REFERENCES `items` (`item_id`),
  ADD CONSTRAINT `fk_log_user` FOREIGN KEY (`u_id`) REFERENCES `accounts` (`u_id`) ON DELETE CASCADE;
COMMIT;

/*!40101 SET CHARACTER_SET_CLIENT=@OLD_CHARACTER_SET_CLIENT */;
/*!40101 SET CHARACTER_SET_RESULTS=@OLD_CHARACTER_SET_RESULTS */;
/*!40101 SET COLLATION_CONNECTION=@OLD_COLLATION_CONNECTION */;
